relation_id,n_triples,temporal_fanout,static_fanout,tail_fanin,n_heads,n_tails,head_tail_ratio,tail_entropy,one_to_one_frac,powerlaw_gamma,forman_ricci,grc,clustering,beta1,delta_hyp,ollivier_rc,longest_path,reciprocity,growth_rate,growth_r2,sustained_growth,ball_r1,ball_r2,ball_r3,ball_r4,saturation_r,branch_persist,eff_diameter
0,102983,1.329722,14.121107,1.341623,2890,2808,1.029202,5.896943,0.810361,1.435245,-333.85074,0.159262,0.339796,30567,0.055402,0.061115,5,0.328106,1.713315,0.785246,1.194761,17.083,979.025,3088.392,3519.958,4,-0.045822,8.00
1,27727,1.228271,7.75727,1.232804,1685,1610,1.046584,5.763988,0.845043,1.509165,-156.677664,0.135443,0.257052,8377,0.066846,0.033000,7,0.404560,1.703594,0.820999,1.203595,10.467,432.133,1601.000,1978.892,4,0.065672,8.00
2,134342,1.365181,16.508082,1.375497,3279,3200,1.024687,6.130705,0.786609,1.414578,-375.535881,0.17078,0.347363,40992,0.048048,0.072836,5,0.339036,1.634019,0.784414,1.138808,24.425,1170.350,3476.275,3942.025,4,-0.108359,8.00
3,127783,1.370268,16.713612,1.362728,3181,3252,0.978167,6.094636,0.766015,1.415581,-373.240934,0.162423,0.371561,40242,0.056192,0.038703,6,0.338111,1.680463,0.791994,1.172645,21.442,1061.242,3463.542,3915.100,4,0.054778,8.00
4,15140,1.188197,6.051163,1.16641,1290,1306,0.987749,5.551345,0.850102,1.535288,-130.687725,0.205411,0.206567,5238,0.051333,0.033068,7,0.223674,1.688480,0.836217,1.203873,9.042,323.617,1221.742,1615.317,4,0.132898,8.00
5,12810,1.126946,5.4568,1.162854,1250,1151,1.086012,5.566029,0.896543,1.552118,-116.453959,0.196278,0.193255,4467,0.031710,0.044754,6,0.226360,1.681168,0.856015,1.206960,8.850,259.692,1084.942,1491.767,4,0.135078,8.00
6,63279,1.345446,11.520824,1.327801,2233,2216,1.007671,5.809513,0.787081,1.439132,-265.839659,0.164625,0.296098,18815,0.045799,0.022300,7,0.324341,1.651004,0.775377,1.149056,15.508,841.133,2375.383,2693.692,4,0.181656,8.00
7,96204,1.350478,13.83127,1.354681,2827,2758,1.025018,5.900003,0.788425,1.431049,-321.750426,0.143318,0.357618,29384,0.058453,0.070032,6,0.319838,1.774760,0.785232,1.236952,13.850,917.058,3019.650,3452.700,4,0.015808,8.00
8,246,1.160377,1.935065,1.060345,77,81,0.950617,3.800678,0.839623,1.844299,-6.485714,0.241984,0.125073,27,0.038516,0.040402,11,0.120805,0.494117,0.874707,0.415992,3.258,11.050,23.417,39.333,7,0.122974,8.00
9,26780,1.209849,7.708359,1.216278,1615,1533,1.05349,5.47701,0.841789,1.513447,-183.399369,0.174585,0.277615,8705,0.061054,0.032866,7,0.269419,1.614350,0.835103,1.146465,14.250,432.392,1581.417,2009.567,4,0.090935,8.00
10,9478,1.127394,4.693969,1.147041,1111,1008,1.102183,5.556857,0.885334,1.572468,-91.17637,0.166113,0.15769,3285,0.046370,0.029514,7,0.201726,1.695051,0.873928,1.227951,7.608,195.467,892.633,1303.950,4,0.262022,8.00
11,28008,1.200154,8.175811,1.18678,1695,1702,0.995887,5.790214,0.846724,1.49258,-167.763941,0.188651,0.249362,9825,0.053460,0.022281,5,0.268581,1.693357,0.821113,1.195113,11.625,466.725,1731.158,2123.342,4,0.161395,8.00
12,14798,1.143586,6.408019,1.139272,1272,1250,1.0176,5.773159,0.874807,1.513606,-113.287698,0.183365,0.208209,5576,0.059406,0.011664,7,0.232855,1.625037,0.851315,1.165696,10.850,298.033,1149.700,1557.658,4,0.129895,8.00
13,5147,1.128728,3.851034,1.138465,725,739,0.981055,5.252828,0.886623,1.621952,-63.861719,0.226213,0.136455,1563,0.056676,0.003037,9,0.166189,1.111937,0.806928,0.843477,8.667,138.858,548.825,831.975,5,0.230425,8.00
14,548,1.11609,2.029762,1.111562,168,167,1.005988,4.440485,0.894094,1.812292,-13.945289,0.250429,0.057405,82,0.032126,0.020400,9,0.070381,0.737103,0.830600,0.592215,3.942,26.192,79.750,138.908,6,0.155241,8.00
15,39769,1.213579,8.945745,1.268104,1880,1726,1.089224,5.628246,0.836985,1.466007,-193.727108,0.133541,0.291501,12059,0.027857,0.061674,5,0.298728,1.613609,0.804733,1.132682,14.750,569.800,1841.567,2162.267,4,0.125415,8.00
16,142637,1.382034,16.272251,1.364595,3247,3228,1.005886,5.969001,0.777847,1.426637,-386.500728,0.166598,0.365649,39958,0.053604,0.034805,6,0.335680,1.672230,0.778830,1.162270,21.950,1193.858,3614.850,3998.125,4,0.102892,8.00
17,26745,1.200566,7.81008,1.180169,1627,1573,1.034329,5.69362,0.848902,1.498192,-168.115367,0.157141,0.256928,9099,0.052073,0.043459,5,0.245534,1.757858,0.819412,1.239879,8.975,418.683,1636.425,1997.367,4,0.090372,8.00
18,44095,1.331974,8.480778,1.227316,2107,1810,1.164088,5.715994,0.838544,1.482259,-220.010153,0.138037,0.289063,13437,0.064461,0.062228,7,0.214114,1.681437,0.798132,1.178890,13.300,635.667,2078.258,2434.958,4,0.120842,8.00
19,106706,1.38866,15.001044,1.380289,2874,2862,1.004193,6.024886,0.765516,1.444894,-253.947541,0.043079,0.304105,21447,0.052028,0.058435,5,0.866328,1.664807,0.808308,1.169906,17.308,728.167,2486.475,2954.783,4,0.058903,8.00
20,19906,1.139896,6.750491,1.192404,1527,1379,1.107324,5.683768,0.883411,1.514923,-145.241969,0.15739,0.21193,7225,0.064233,-0.003817,8,0.230307,1.676995,0.839158,1.194285,10.842,366.300,1409.017,1852.542,4,0.012693,8.00
21,2424,1.152091,2.991853,1.108875,491,463,1.060475,5.134002,0.861217,1.67652,-40.18649,0.236956,0.155914,689,0.066580,-0.027575,8,0.145677,1.164416,0.841302,0.893885,4.792,67.083,293.158,509.258,5,0.168063,8.00
22,23239,1.253452,7.419501,1.238753,1323,1317,1.004556,5.406005,0.805448,1.493493,-147.608354,0.16253,0.251508,6614,0.061044,0.021509,8,0.312347,1.651561,0.817747,1.170823,9.775,381.758,1263.308,1613.450,4,0.138303,8.00
23,71876,1.283867,12.435717,1.285957,2279,2273,1.00264,5.933307,0.790637,1.433165,-229.402894,0.110078,0.319399,18448,0.054830,0.046619,5,0.512755,1.668236,0.795740,1.166625,14.600,686.033,2225.733,2564.458,4,0.016364,8.00
24,36607,1.229,9.042969,1.242769,1792,1732,1.034642,5.668034,0.825354,1.473039,-193.053589,0.142312,0.287265,11729,0.020647,0.057287,5,0.277322,1.517080,0.801567,1.063284,19.917,633.825,1882.033,2177.017,4,0.081192,8.00
25,3940,1.100866,3.808542,1.110172,679,683,0.994143,5.525995,0.909193,1.659649,-50.791733,0.213875,0.112839,1046,0.042216,0.045945,8,0.540603,1.163301,0.820344,0.886686,5.950,100.400,414.158,677.083,5,0.167917,8.00
26,2229,1.389651,3.219457,1.410759,442,444,0.995495,5.352878,0.800499,1.689895,-21.411527,0.249491,0.124115,458,0.041532,0.080506,8,0.609979,0.898112,0.823937,0.716816,3.975,37.758,159.875,321.050,6,0.302429,8.00
27,24462,1.175154,7.285473,1.16708,1776,1738,1.021864,5.908075,0.863086,1.518274,-157.586743,0.163471,0.235299,8582,0.051307,0.058296,5,0.330319,1.667890,0.832625,1.184774,12.833,447.375,1675.867,2146.192,4,0.174678,8.00
28,13236,1.177161,6.041778,1.155478,1125,1117,1.007162,5.531881,0.84614,1.532755,-109.122701,0.202795,0.215667,4519,0.030580,0.039214,8,0.239812,1.651353,0.855854,1.182986,9.233,250.208,1056.000,1404.375,4,0.134453,8.00
29,6526,1.131023,4.371328,1.112513,851,835,1.019162,5.501467,0.882149,1.59735,-68.895345,0.204719,0.1618,2228,0.059842,0.008801,7,0.186559,1.609437,0.884282,1.170799,8.075,159.233,713.750,1046.817,4,0.163932,8.00
30,58316,1.293267,11.087065,1.29666,2412,2401,1.004581,6.022089,0.799188,1.48782,-177.480551,0.026956,0.253295,11718,0.053932,0.018618,7,0.940618,1.684359,0.816328,1.190694,13.017,545.392,1887.808,2361.075,4,0.131365,8.00
31,19375,1.147536,6.600567,1.187121,1412,1315,1.073764,5.600384,0.876806,1.511623,-128.685993,0.175226,0.214335,6442,0.061357,0.049014,6,0.238197,1.726184,0.844794,1.230883,8.667,303.433,1285.025,1689.700,4,0.176823,8.00
32,6080,1.149121,4.203008,1.115187,798,788,1.01269,5.437306,0.865999,1.605728,-69.790897,0.223975,0.148604,1963,0.054598,0.024895,8,0.192010,1.179846,0.806604,0.891653,7.483,137.008,616.958,952.950,5,0.179569,8.00
33,5377,1.145749,4.130366,1.176844,629,620,1.014516,5.005481,0.872576,1.593737,-53.721248,0.184925,0.165039,1500,0.050301,0.035100,7,0.199384,1.175661,0.803782,0.889244,5.517,108.075,445.575,704.908,5,0.235030,8.00
34,72290,1.338654,12.807239,1.325158,2459,2452,1.002855,6.004189,0.782786,1.447928,-218.442849,0.087016,0.247438,17246,0.031405,0.060083,5,0.735465,1.608404,0.811045,1.131842,18.200,665.150,2171.808,2613.208,4,0.184906,8.00
35,3789,1.185915,3.735135,1.142986,555,530,1.04717,5.108568,0.837872,1.620695,-44.014349,0.210254,0.150907,1076,0.047838,0.048302,7,0.251809,1.162610,0.831117,0.886930,5.642,85.467,365.908,619.642,5,0.220070,8.00
36,28828,1.187853,8.062757,1.179011,1705,1677,1.016696,5.786083,0.852981,1.491296,-159.899649,0.179016,0.244375,9827,0.054628,0.014995,6,0.257365,1.658266,0.831805,1.177425,12.833,439.425,1640.675,2080.717,4,0.182498,8.00
37,31819,1.230148,8.410581,1.213215,1739,1826,0.952355,5.699749,0.829777,1.493099,-193.746379,0.195601,0.241329,10437,0.053976,0.033312,5,0.262820,1.560234,0.811364,1.100700,17.633,587.708,1791.442,2206.267,4,0.137498,8.00
38,17610,1.152638,6.14324,1.165145,1494,1392,1.073276,5.747193,0.873544,1.531529,-125.156238,0.178213,0.214257,6252,0.058582,0.028607,8,0.227283,1.617456,0.864000,1.168583,12.842,316.867,1246.250,1786.017,4,0.136605,8.00
39,621,1.099115,1.957082,1.087566,233,237,0.983122,4.914602,0.915044,1.820946,-13.953704,0.258056,0.062782,103,0.042006,-0.004929,9,0.105263,0.634851,0.805500,0.523605,3.942,25.333,79.758,148.308,7,0.130448,8.00
40,1509,1.131184,2.811659,1.144917,223,197,1.13198,3.999355,0.889055,1.706121,-29.320144,0.232553,0.130034,251,0.027996,0.040965,11,0.226475,0.926308,0.825949,0.710352,5.425,49.933,154.292,231.892,5,0.067920,8.00
41,5056,1.107072,3.871486,1.096984,747,735,1.016327,5.342655,0.901905,1.604703,-67.404852,0.219921,0.177877,1639,0.033539,-0.048465,8,0.175657,1.240812,0.798506,0.935036,5.267,122.433,569.592,894.683,5,0.244404,8.00
42,883,1.106516,2.234615,1.071602,260,261,0.996169,4.967773,0.912281,1.766096,-18.505455,0.277378,0.060914,175,0.035397,-0.006618,10,0.106713,0.838383,0.851653,0.677249,4.008,28.258,103.958,208.717,6,0.180433,8.00
43,10843,1.198916,5.591942,1.189447,968,871,1.111366,5.195298,0.859023,1.580193,-94.929032,0.119653,0.179089,2931,0.045742,0.062085,6,0.510992,1.448413,0.857117,1.042810,12.092,218.683,762.808,996.350,4,0.161289,8.00
44,7026,1.129037,4.106806,1.1443,955,879,1.086462,5.539889,0.887353,1.59146,-73.395362,0.163696,0.159371,2323,0.046221,0.041176,8,0.196838,1.202968,0.789237,0.907065,7.233,172.375,709.942,1082.942,5,0.225145,8.00
45,6678,1.159979,4.332898,1.131289,766,719,1.065369,5.219759,0.872677,1.583574,-80.749332,0.189906,0.171659,2002,0.025243,0.019225,9,0.197047,1.131325,0.762460,0.847223,7.392,185.575,632.000,900.458,5,0.192234,8.00
46,8840,1.11588,4.952284,1.126832,985,930,1.05914,5.426303,0.894219,1.571644,-95.669754,0.196145,0.168302,3146,0.052897,0.031138,6,0.184912,1.642483,0.848523,1.181134,7.808,231.708,867.733,1199.908,4,0.181963,8.00
47,2645,1.142055,2.871795,1.158056,546,471,1.159236,5.165806,0.874352,1.676035,-42.214433,0.206716,0.116083,738,0.045534,0.034738,8,0.144133,0.858003,0.787861,0.679899,5.725,68.250,255.017,450.667,6,0.285451,8.00
48,3801,1.136323,3.511924,1.130241,629,600,1.048333,5.118791,0.878326,1.647056,-61.245073,0.20906,0.183286,1130,0.047012,0.041815,7,0.208239,1.158299,0.797550,0.874733,6.042,119.825,473.967,734.200,5,0.150537,8.00
49,583,1.136452,1.923469,1.106262,196,154,1.272727,4.252225,0.869396,1.829006,-11.865497,0.176876,0.066506,92,0.044299,0.035734,10,0.185676,0.644262,0.835841,0.533713,2.992,14.958,49.492,99.183,7,0.093508,8.00
50,577,1.076493,1.918367,1.096958,196,179,1.094972,4.726343,0.929104,1.803027,-7.883008,0.223518,0.04003,87,0.060780,0.016044,11,0.090426,0.639643,0.852535,0.533811,3.542,16.942,51.108,104.708,7,0.262188,8.00
51,1867,1.129462,3.010283,1.123345,389,379,1.026385,4.906601,0.881428,1.677681,-43.434457,0.229818,0.145814,541,0.025985,0.044302,8,0.175918,1.064056,0.811553,0.812948,5.067,73.483,256.958,394.142,5,0.299805,8.00
52,7915,1.149601,4.517658,1.120311,1076,1051,1.023787,5.797232,0.863181,1.561951,-76.569024,0.180343,0.160872,2997,0.053444,0.026443,8,0.190907,1.279587,0.794036,0.964664,6.167,169.383,789.208,1249.367,5,0.239738,8.00
53,2061,1.075117,2.642202,1.13304,436,355,1.228169,4.997114,0.932707,1.693982,-27.194419,0.181565,0.098825,510,0.050868,0.040097,7,0.133681,1.123998,0.867512,0.869897,4.992,53.225,220.125,412.742,5,0.203292,8.00
54,3155,1.119986,3.409195,1.178118,435,384,1.132812,4.638872,0.894214,1.655686,-41.537405,0.192883,0.14727,753,0.060586,0.010430,7,0.233311,1.060760,0.821887,0.806199,5.750,72.825,274.283,430.133,5,0.177217,8.00
55,2459,1.161001,3.44012,1.129017,334,324,1.030864,4.624708,0.851747,1.642482,-27.6308,0.238073,0.143361,576,0.059157,-0.019051,7,0.236728,0.989147,0.865409,0.767041,6.342,50.892,180.633,310.033,5,0.191182,8.00
56,816,1.110204,2.061728,1.13491,243,213,1.140845,4.624582,0.90068,1.767305,-11.995868,0.207109,0.090495,161,0.060896,0.001490,12,0.067864,0.785115,0.865743,0.637258,4.042,22.467,77.092,151.892,6,0.265596,8.00
57,527,1.093361,1.88172,1.116525,186,177,1.050847,4.651645,0.917012,1.844601,-9.904153,0.269036,0.083432,65,0.022423,0.040615,8,0.211429,0.613247,0.838522,0.508516,3.567,16.617,51.258,98.042,7,0.217524,8.00
58,16951,1.186879,6.358761,1.175031,1324,1307,1.013007,5.497494,0.855062,1.532028,-131.79438,0.176916,0.217379,5788,0.051084,0.046181,6,0.216178,1.861810,0.839019,1.328345,5.325,265.458,1184.325,1603.517,4,0.125004,8.00
59,16274,1.203787,6.350822,1.197058,1277,1248,1.023237,5.719011,0.844441,1.536252,-99.786871,0.123718,0.197583,4259,0.072545,0.014790,7,0.583724,1.730722,0.863105,1.250457,7.117,221.467,955.908,1399.750,4,0.223730,8.00
60,1618,1.15654,3.052846,1.10143,246,249,0.987952,4.032222,0.867048,1.716141,-46.482456,0.245472,0.190544,325,0.043550,0.026058,6,0.178429,1.330396,0.860429,0.962800,5.117,74.383,220.675,300.267,4,0.054358,8.00
61,518,1.068041,1.818653,1.121212,193,182,1.06044,4.777987,0.942268,1.836254,-8.618076,0.272006,0.031268,66,0.042362,-0.014971,11,0.045584,0.680997,0.877528,0.571461,2.950,12.158,41.067,89.650,7,0.300220,8.00
62,2752,1.144759,3.205589,1.114621,501,515,0.972816,5.290652,0.866889,1.663335,-37.80597,0.23762,0.102651,768,0.033303,0.037598,7,0.164384,1.199610,0.850022,0.920573,4.717,65.333,307.908,559.458,5,0.275863,8.00
63,20709,1.295689,6.696021,1.290763,1533,1526,1.004587,5.815023,0.810048,1.562215,-90.584045,0.046591,0.179946,3949,0.061776,0.050526,8,0.927813,1.283495,0.761398,0.958717,6.250,224.900,1025.692,1430.650,5,0.141172,8.00
64,533,1.10124,2.138686,1.115063,137,116,1.181034,3.424107,0.89876,1.828893,-29.483395,0.201549,0.110173,76,0.016708,0.053466,8,0.150171,0.871589,0.785606,0.664495,3.900,43.683,105.675,147.592,5,-0.020006,8.00
65,10643,1.15509,5.425243,1.142811,1030,1040,0.990385,5.44933,0.863469,1.537846,-103.194012,0.223314,0.174084,3605,0.027614,0.044975,6,0.230852,1.574023,0.835440,1.126345,9.950,289.808,941.833,1275.950,4,0.174486,8.00
66,2474,1.182035,3.43038,1.092756,395,419,0.942721,5.000057,0.839943,1.668526,-55.405276,0.272878,0.135245,682,0.042391,0.017849,7,0.153506,1.050504,0.776195,0.790323,5.817,104.925,337.650,481.542,5,0.174019,8.00
67,9839,1.163415,5.056352,1.171588,976,990,0.985859,5.462494,0.86189,1.565092,-85.982805,0.218535,0.185294,3112,0.020854,0.039961,6,0.208713,1.230708,0.785742,0.927385,6.633,171.992,746.200,1125.158,5,0.236806,8.00
68,3046,1.090193,3.30339,1.088246,590,549,1.074681,5.21773,0.919112,1.676661,-54.481278,0.222019,0.111804,1008,0.067636,0.020956,8,0.136480,1.195892,0.813880,0.907148,5.008,95.142,409.208,670.292,5,0.219000,8.00
69,465,1.083916,2.204225,1.123188,142,166,0.855422,4.597512,0.925408,1.823669,-14.149351,0.305511,0.057362,75,0.028747,0.004645,10,0.031949,0.724455,0.825580,0.584426,3.558,22.550,72.292,119.033,6,0.222683,8.00
70,1173,1.112903,2.527027,1.100375,296,284,1.042254,4.738993,0.898482,1.732491,-24.77591,0.230454,0.072422,305,0.054507,0.004048,8,0.090909,1.116984,0.869233,0.865575,3.642,36.308,157.275,287.458,5,0.212830,8.00
71,3448,1.105483,3.29661,1.109752,590,561,1.051693,5.163062,0.90125,1.658614,-49.436635,0.218736,0.124886,1016,0.039577,0.036309,7,0.141902,1.158812,0.819348,0.880320,5.725,92.817,398.558,641.508,5,0.136539,8.00
72,5059,1.129745,3.921703,1.1153,728,724,1.005525,5.406991,0.880974,1.607384,-62.496933,0.256332,0.156063,1619,0.048578,0.021535,7,0.173030,1.227617,0.811377,0.928329,5.692,112.400,542.017,870.325,5,0.208957,8.00
73,1820,1.114513,2.876011,1.102362,371,371,1.0,4.734397,0.892223,1.710035,-43.093718,0.241451,0.141846,454,0.040418,0.023521,11,0.179944,0.842590,0.745205,0.664380,3.900,64.550,213.867,343.583,6,0.220560,8.00
74,1611,1.092203,2.785714,1.121866,350,341,1.026393,4.709843,0.91661,1.733605,-30.365854,0.257678,0.110565,402,0.049126,-0.005593,8,0.149744,1.020298,0.844809,0.783521,5.792,56.983,208.475,341.983,5,0.127007,8.00
75,4502,1.124657,3.78481,1.121016,632,587,1.076661,5.219561,0.886335,1.621165,-50.692557,0.194371,0.171882,1323,0.051146,0.024727,10,0.191472,1.215039,0.818936,0.922732,4.950,90.933,425.025,700.583,5,0.307609,8.00
76,2529,1.07617,3.07457,1.098133,523,482,1.085062,5.241762,0.928085,1.679515,-37.525017,0.211585,0.0887,788,0.039561,0.025707,7,0.135572,1.150382,0.853257,0.884908,5.633,67.433,304.992,539.250,5,0.226573,8.00
77,553,1.097222,1.823256,1.135524,215,184,1.168478,4.648673,0.914683,1.817076,-8.740541,0.161252,0.066253,88,0.051801,0.034255,11,0.112245,0.650959,0.867647,0.545834,3.408,15.150,46.417,96.150,7,0.192103,8.00
78,2574,1.169468,3.909091,1.141463,297,316,0.939873,4.56781,0.84507,1.631231,-32.892514,0.271021,0.18104,616,0.069009,0.020241,7,0.204996,0.993685,0.845417,0.761414,6.617,58.642,218.225,349.233,5,0.181964,8.00
79,1745,1.070552,2.666667,1.103732,375,321,1.168224,4.776443,0.930061,1.692556,-29.055556,0.190745,0.102739,438,0.046996,0.012258,8,0.128000,1.159448,0.864339,0.899122,3.792,44.792,193.825,361.983,5,0.142254,8.00
80,2372,1.121513,2.9631,1.085584,542,516,1.050388,5.398875,0.89078,1.687861,-36.411844,0.221929,0.11598,747,0.043980,-0.001746,9,0.149440,1.139356,0.851177,0.873774,6.183,71.383,327.400,572.350,5,0.169534,8.00
81,2851,1.117163,3.139959,1.100347,493,486,1.014403,4.911131,0.888715,1.678703,-54.266202,0.235567,0.132062,769,0.051215,-0.014319,7,0.145995,1.108166,0.786000,0.836541,5.275,104.383,361.108,539.367,5,0.309694,8.00
82,1196,1.1737,2.601375,1.12406,291,305,0.954098,4.926734,0.85476,1.768391,-19.964111,0.269973,0.103069,226,0.040810,0.026601,8,0.380449,0.803291,0.806829,0.639080,4.025,35.142,123.483,221.400,6,0.424018,8.00
83,2237,1.110174,3.007833,1.211809,383,361,1.060942,4.759219,0.897767,1.669791,-34.252336,0.214241,0.13875,564,0.046227,0.030224,7,0.142361,1.009294,0.833695,0.772277,6.517,68.750,240.408,379.950,5,0.299370,8.00
84,351,1.100313,2.051282,1.090062,117,135,0.866667,4.257425,0.899687,1.87946,-14.248889,0.304472,0.111341,47,0.027365,0.048889,8,0.125000,0.654309,0.822034,0.526123,2.992,17.692,45.425,72.517,6,0.247295,8.00
85,358,1.065476,1.56213,1.056047,169,153,1.104575,4.623367,0.9375,1.893807,-5.579767,0.247246,0.037113,30,0.023769,0.002661,12,0.053030,0.514460,0.869360,0.439445,3.133,10.075,26.233,53.408,8,0.128547,8.00
86,122,1.140187,1.451613,1.161905,62,54,1.148148,3.716353,0.878505,1.943094,-1.409091,0.085544,0.0,5,0.006911,-0.023674,12,0.044444,0.288084,0.888743,0.248542,2.709,5.447,8.883,12.476,8,0.212684,8.00
87,769,1.108069,2.346847,1.109668,222,223,0.995516,4.708688,0.897695,1.721831,-18.969072,0.294341,0.135771,178,0.055191,0.048167,8,0.138196,0.787380,0.816756,0.628439,4.233,33.717,115.058,203.217,6,0.147091,8.00
88,2435,1.168426,3.022917,1.162846,480,478,1.004184,5.227845,0.851727,1.756116,-24.214674,0.115776,0.09503,282,0.031402,0.057615,9,0.985527,0.833848,0.801515,0.662439,4.175,40.292,152.217,273.600,6,0.338305,8.00
89,2886,1.147515,3.326577,1.126904,444,440,1.009091,5.117887,0.879523,1.657686,-31.511372,0.258334,0.11465,740,0.061028,0.005048,7,0.154367,1.124684,0.863929,0.867253,5.917,60.983,271.750,493.658,5,0.113064,8.00
90,936,1.134545,2.191235,1.186312,251,218,1.151376,4.53216,0.883636,1.766645,-22.328244,0.233889,0.072391,182,0.028923,0.021247,7,0.094545,0.826896,0.788807,0.655261,3.300,34.883,127.767,220.917,6,0.230323,8.00
91,1713,1.087619,2.62037,1.069956,432,423,1.021277,5.137299,0.91746,1.720559,-43.373699,0.258884,0.131262,466,0.035127,0.028368,7,0.132509,1.130896,0.815219,0.862519,4.125,70.433,258.075,420.608,5,0.228647,8.00
92,591,1.090406,2.174603,1.053476,189,203,0.931034,4.596844,0.922509,1.850335,-21.167959,0.298824,0.061976,104,0.027590,0.009799,9,0.116788,0.755540,0.805996,0.600607,3.850,29.533,97.542,166.417,6,0.201209,8.00
93,765,1.092857,2.136,1.078984,250,244,1.02459,4.72986,0.915714,1.794925,-17.824701,0.245498,0.060531,156,0.055396,0.022807,9,0.119850,0.808950,0.830345,0.648198,3.575,27.167,97.008,178.525,6,0.233030,8.00
94,2063,1.09443,2.742331,1.093849,489,429,1.13986,5.170039,0.909284,1.700046,-34.773838,0.202529,0.08597,612,0.059231,0.027629,8,0.107383,1.201406,0.851067,0.924522,4.117,60.183,264.617,491.950,5,0.248578,8.00
95,2472,1.102095,3.030738,1.127223,488,452,1.079646,4.838084,0.90593,1.683582,-52.631893,0.195778,0.14524,692,0.039290,-0.009382,7,0.185260,1.166840,0.797163,0.881742,4.133,82.817,340.067,514.783,5,0.107977,8.00
96,1475,1.094214,2.597884,1.082966,378,392,0.964286,5.154227,0.91543,1.730731,-27.775723,0.266723,0.080944,342,0.033717,0.027384,10,0.238289,0.865107,0.798000,0.687387,4.133,44.833,178.625,319.650,6,0.229673,8.00
97,1652,1.188489,2.858974,1.122283,312,309,1.009709,4.681252,0.838129,1.713868,-33.721455,0.243398,0.13612,363,0.043474,0.045923,9,0.213004,1.021908,0.815255,0.781543,4.783,63.533,198.675,313.350,5,0.215756,8.00
98,561,1.085106,1.864322,1.126506,199,171,1.163743,4.532184,0.914894,1.818006,-11.536723,0.223148,0.080287,85,0.037349,0.024004,12,0.091644,0.632520,0.827916,0.525105,3.150,16.525,52.908,103.350,7,0.249150,8.00
99,2894,1.11094,3.287931,1.107539,580,523,1.108987,5.198948,0.906718,1.689412,-46.447277,0.213203,0.108197,957,0.049313,0.027166,7,0.189827,1.111459,0.814048,0.843270,6.717,102.658,402.242,636.825,5,0.199824,8.00
100,789,1.095833,2.346457,1.230889,127,111,1.144144,3.093857,0.913889,1.788526,-26.684015,0.259226,0.129963,89,0.019732,0.058183,7,0.194631,0.837187,0.790972,0.639312,4.292,42.133,100.317,138.600,5,-0.008071,8.00
101,958,1.086168,2.216981,1.081264,318,282,1.12766,4.753556,0.921769,1.780968,-34.686657,0.22697,0.102834,235,0.042156,0.006312,8,0.107801,1.104498,0.833266,0.849989,3.700,52.442,188.108,318.008,5,0.236144,8.00
102,1552,1.139501,2.781538,1.209665,325,307,1.058632,4.961619,0.906021,1.708587,-23.088548,0.279357,0.096402,387,0.041806,0.015824,10,0.126106,0.863999,0.812456,0.687414,4.058,37.467,156.800,290.650,6,0.269076,8.00
103,1809,1.0957,2.850374,1.176203,401,394,1.017766,5.159204,0.90854,1.686609,-36.640376,0.264724,0.109195,509,0.031653,0.043195,9,0.136483,1.098921,0.845519,0.847208,4.700,59.650,216.642,381.217,5,0.306690,8.00
104,667,1.097039,2.133005,1.117253,203,202,1.00495,4.659524,0.904605,1.785529,-11.281928,0.2713,0.044015,125,0.049753,0.042984,10,0.083141,0.798229,0.889567,0.653089,3.558,17.450,59.633,124.250,6,0.238081,8.00
105,336,1.105263,1.75188,1.090909,133,135,0.985185,4.443478,0.901316,1.841814,-7.560538,0.253682,0.067292,43,0.031766,0.022183,12,0.085837,0.464666,0.817627,0.392931,3.167,11.633,30.883,56.383,8,0.221351,8.00
106,561,1.085106,2.081522,1.128773,184,174,1.057471,4.53207,0.916828,1.801274,-12.752747,0.192585,0.091512,105,0.037414,0.020758,8,0.099217,0.759170,0.848932,0.611340,3.575,20.175,70.233,127.992,6,0.291624,8.00
107,466,1.197943,2.922078,1.096471,77,92,0.836957,3.74234,0.820051,1.730068,-32.727273,0.350239,0.218908,73,0.005519,0.039668,6,0.240000,1.060907,0.795267,0.753184,4.100,50.167,94.975,113.817,4,-0.045373,8.00
108,2847,1.063504,2.907441,1.130659,551,440,1.252273,4.89527,0.941352,1.688244,-42.788331,0.161034,0.11086,774,0.054473,0.019592,6,0.159800,1.107783,0.844610,0.851768,6.083,72.217,299.708,507.525,5,0.197075,8.00
109,771,1.117391,2.310881,1.107759,193,197,0.979695,4.353339,0.897101,1.802982,-24.515971,0.303499,0.0951,134,0.032380,0.021474,9,0.174888,0.940885,0.829917,0.722726,3.833,36.292,112.167,171.467,5,0.374751,8.00
110,1154,1.108549,2.618375,1.094877,283,308,0.918831,4.842593,0.899135,1.728071,-21.138282,0.297571,0.084951,282,0.051306,0.011192,9,0.145749,0.843206,0.818067,0.671294,4.208,34.717,142.792,264.533,6,0.186300,8.00
111,1374,1.057737,2.387597,1.11526,387,335,1.155224,4.883145,0.948422,1.746669,-28.758621,0.2175,0.094462,354,0.031224,0.007311,10,0.116883,0.916204,0.805693,0.729273,3.167,36.775,160.625,305.275,6,0.187126,8.00
112,2728,1.125877,2.929883,1.124948,599,538,1.113383,5.125807,0.87825,1.681209,-43.820622,0.17985,0.100919,823,0.042771,0.002691,11,0.132194,1.224231,0.838240,0.943348,4.408,79.658,332.158,602.492,5,0.309776,8.00
113,1069,1.098664,2.450512,1.095287,293,290,1.010345,4.945463,0.911614,1.753034,-23.032448,0.255668,0.078504,264,0.045135,-0.023834,9,0.111421,0.847113,0.792447,0.671566,3.500,34.750,144.992,255.775,6,0.207602,8.00
114,267,1.063745,1.612069,1.089796,116,117,0.991453,4.383354,0.936255,1.960947,-4.604396,0.223115,0.036498,22,0.037375,-0.018001,8,0.053476,0.533087,0.881868,0.437957,3.000,9.083,20.817,33.008,6,0.283513,8.00
115,1650,1.095618,2.637097,1.117129,372,322,1.15528,4.499295,0.910359,1.734623,-41.078801,0.190149,0.141493,407,0.038142,0.008854,8,0.163099,1.140816,0.816035,0.872971,3.442,60.417,222.400,362.200,5,0.126236,8.00
116,2716,1.110838,3.098814,1.111293,506,508,0.996063,5.123832,0.897751,1.684002,-44.130944,0.252122,0.104161,743,0.038248,0.024190,7,0.149235,1.160821,0.824036,0.886507,4.867,81.858,324.100,542.958,5,0.207244,8.00
117,96,1.090909,1.386364,1.156627,44,41,1.073171,3.297608,0.909091,2.033827,-2.033333,0.122535,0.055587,4,0.002121,0.043056,7,0.032787,0.304935,0.884904,0.254148,2.600,5.480,8.067,9.880,6,0.042040,8.00
118,712,1.093702,2.017621,1.10559,227,228,0.995614,4.760449,0.906298,1.819449,-16.0,0.31164,0.077838,106,0.024023,-0.012046,12,0.087336,0.791074,0.843744,0.639856,3.608,25.050,83.075,155.450,6,0.155118,8.00
119,1196,1.091241,2.535836,1.10434,293,272,1.077206,4.748226,0.912409,1.722542,-18.735931,0.248274,0.087182,296,0.058490,0.009647,9,0.134590,0.784754,0.819125,0.625938,5.058,35.525,133.200,238.550,6,0.259715,8.00
120,395,1.219136,2.044118,1.088154,136,147,0.92517,4.556647,0.790123,1.801986,-7.101887,0.301579,0.097427,64,0.047674,0.035264,10,0.093525,0.585106,0.881884,0.491117,3.300,12.375,30.825,60.817,7,0.256915,8.00
121,548,1.113821,2.040698,1.100402,172,163,1.055215,4.211947,0.890244,1.816327,-13.604863,0.229296,0.105397,84,0.034217,0.044655,9,0.125356,0.593605,0.803492,0.490447,3.942,22.358,67.400,118.192,7,0.230168,8.00
122,1876,1.142509,3.087912,1.215813,182,172,1.05814,3.213448,0.876979,1.739846,-38.271255,0.269952,0.21054,241,0.037002,0.078734,6,0.241993,0.834764,0.770387,0.629759,5.275,55.108,136.367,176.650,5,0.102632,8.00
123,970,1.102273,2.207627,1.087444,236,218,1.082569,4.398642,0.897727,1.782992,-23.215292,0.285344,0.104327,173,0.034942,0.040695,8,0.092131,0.793955,0.800453,0.631769,3.625,34.358,111.317,195.158,6,0.248405,8.00
124,288,1.107692,1.773913,1.142857,115,122,0.942623,4.31359,0.9,1.912733,-7.142857,0.237011,0.048432,30,0.054952,0.024040,10,0.078431,0.514726,0.847491,0.427982,2.792,10.292,25.200,43.025,7,0.342908,8.00
125,543,1.10142,2.044586,1.188184,157,149,1.053691,4.003177,0.89858,1.824044,-12.795987,0.260382,0.077763,76,0.029857,0.067753,9,0.137072,0.681912,0.858273,0.555417,3.650,18.842,50.642,87.092,6,0.159417,8.00
126,111,1.04717,1.338235,1.067308,68,55,1.236364,3.799917,0.95283,1.958701,-1.325843,0.05196,0.0,1,0.005692,-0.033173,11,0.043956,0.347956,0.903599,0.300057,2.695,5.476,9.743,15.590,8,-0.036422,8.00
127,368,1.060519,1.782609,1.118541,138,115,1.2,4.033539,0.942363,1.866843,-9.46888,0.207813,0.042961,45,0.050469,0.023004,11,0.040650,0.603162,0.843805,0.502480,2.992,13.817,39.558,76.667,7,0.160275,8.00
128,462,1.132353,2.07563,1.110577,119,102,1.166667,3.83399,0.872549,1.809047,-13.855932,0.213238,0.106061,79,0.057278,0.057274,7,0.089069,0.831918,0.860448,0.639710,3.392,19.533,57.925,91.525,5,0.063734,8.00
129,1216,1.096483,2.361823,1.151515,351,349,1.005731,5.1765,0.914337,1.765458,-22.123847,0.251265,0.074884,269,0.042380,0.017120,8,0.168878,0.851868,0.836953,0.681058,4.767,34.217,143.442,285.683,6,0.202226,8.00
130,270,1.120332,1.851852,1.153846,108,98,1.102041,4.098367,0.908714,1.836396,-8.694737,0.238194,0.045118,40,0.017636,0.028697,7,0.100000,0.648161,0.841954,0.520101,3.358,14.808,43.933,73.883,6,0.318779,8.00
131,189,1.055866,1.869565,1.067797,69,83,0.831325,4.026671,0.944134,1.966041,-12.196721,0.295865,0.052998,9,0.015397,0.014891,10,0.108527,0.365231,0.736693,0.308623,2.942,15.258,28.075,40.475,8,0.008163,8.00
132,263,1.047809,1.6875,1.073469,96,97,0.989691,4.142652,0.952191,1.915712,-7.531646,0.175469,0.056845,18,0.011469,0.020494,12,0.049383,0.495146,0.833651,0.415517,2.767,10.917,25.533,41.517,7,0.148990,8.00
133,79,1.082192,1.892857,1.012821,28,41,0.682927,3.480638,0.931507,1.901373,-2.196078,0.339504,0.103301,5,0.004507,0.031016,8,0.075472,0.307853,0.831942,0.250452,2.821,6.179,10.071,12.321,6,0.011687,8.00
134,151,1.10219,1.731343,1.06338,67,67,1.0,3.818495,0.89781,1.871659,-3.302752,0.219993,0.084515,17,0.048456,0.061118,12,0.120690,0.364388,0.887386,0.316193,3.000,7.459,14.523,21.514,8,0.220989,8.00
135,612,1.195312,2.462963,1.192982,162,168,0.964286,4.15811,0.861328,1.801337,-33.473684,0.265567,0.134464,101,0.037160,0.080845,7,0.380952,0.883777,0.758936,0.668230,3.608,50.892,111.283,155.167,5,0.098148,8.00
136,258,1.102564,1.780952,1.04878,105,106,0.990566,4.213323,0.897436,1.947382,-8.877778,0.223141,0.030913,21,0.032642,0.000648,9,0.074866,0.504548,0.814726,0.419577,2.942,13.175,31.333,50.492,7,0.018103,8.00
137,633,1.087629,2.121693,1.118375,189,180,1.05,4.198288,0.917526,1.823428,-24.502703,0.258168,0.099678,107,0.035171,0.023314,9,0.154613,0.999759,0.842668,0.772144,3.183,31.817,107.183,173.483,5,0.121690,8.00
138,2094,1.134959,3.045908,1.134959,501,484,1.035124,5.344206,0.879675,1.722164,-29.21329,0.163727,0.12204,411,0.043513,0.016265,7,0.777195,1.092008,0.859985,0.842543,4.833,49.400,203.208,359.917,5,0.182407,8.00
139,238,1.096774,1.568807,1.127962,109,90,1.211111,4.049271,0.903226,1.88966,-5.177914,0.198293,0.085404,17,0.032329,0.030917,11,0.093567,0.437851,0.864191,0.374138,2.950,9.500,19.833,34.492,8,0.008024,8.00
140,1266,1.149864,2.617284,1.15828,243,255,0.952941,4.343308,0.86376,1.752128,-19.509025,0.283078,0.096525,215,0.046875,-0.008206,8,0.257862,0.810699,0.836101,0.650749,3.892,27.692,103.375,188.533,6,0.194446,8.00
141,457,1.088095,1.849162,1.075294,179,175,1.022857,4.618395,0.92381,1.861159,-11.03537,0.219422,0.096355,59,0.028316,0.024508,12,0.120846,0.487274,0.781446,0.410825,3.175,15.750,45.275,81.083,8,0.092079,8.00
142,191,1.091429,1.474227,1.150602,97,78,1.24359,4.052733,0.92,1.895346,-3.051852,0.143673,0.064177,15,0.011061,0.042197,11,0.111888,0.314339,0.884149,0.274300,3.000,7.217,12.142,16.950,8,0.082367,8.00
143,330,1.044304,1.560976,1.134021,123,105,1.171429,4.040271,0.955696,1.848374,-2.662857,0.172777,0.032224,23,0.045761,0.006073,12,0.177083,0.428828,0.950499,0.378347,2.883,6.367,11.325,19.375,8,0.206411,8.00
144,137,1.104839,1.6875,1.096,64,75,0.853333,4.01057,0.895161,1.935494,-2.788462,0.194556,0.081691,11,0.025971,0.050321,7,0.074074,0.459988,0.915858,0.384423,2.793,6.638,13.000,19.586,6,0.285160,8.00
145,691,1.134647,2.247525,1.102073,202,197,1.025381,4.71577,0.880131,1.76169,-13.981176,0.252376,0.059206,145,0.062694,0.036689,8,0.127753,0.806080,0.857736,0.648596,3.575,21.567,77.242,154.783,6,0.127592,8.00
146,177,1.120253,1.666667,1.066265,69,72,0.958333,3.904962,0.898734,1.935439,-5.132743,0.302715,0.043697,11,0.007634,0.035841,9,0.034783,0.429880,0.836854,0.358795,2.899,9.168,19.168,30.092,7,0.139842,8.00
147,154,1.124088,1.464789,1.124088,71,72,0.986111,3.783681,0.883212,1.960861,-1.70297,0.18212,0.016984,9,0.009288,0.016690,8,0.057692,0.403215,0.928936,0.336752,2.683,5.367,9.483,14.283,6,0.307536,8.00
148,397,1.115169,2.083333,1.047493,120,135,0.888889,4.151633,0.88764,1.860607,-11.824268,0.292556,0.080877,49,0.024319,0.020611,7,0.088000,0.899756,0.900238,0.703634,3.308,17.150,56.458,102.375,5,0.048846,8.00
149,236,1.19797,2.016667,1.097674,60,46,1.304348,3.083727,0.817259,1.735974,-7.805825,0.306489,0.197378,30,0.022343,0.132039,9,0.297521,0.543258,0.875767,0.447544,3.711,13.711,27.500,43.868,6,-0.092016,8.00
150,616,1.105925,2.16129,1.075044,186,180,1.033333,4.459173,0.895871,1.778709,-15.639785,0.247874,0.087308,121,0.040080,0.046779,10,0.149254,0.759685,0.835646,0.612572,3.350,20.967,72.608,128.142,6,0.281140,8.00
151,2,1.0,1.0,1.0,2,2,1.0,0.693147,1.0,nan,2.0,0.222222,0.0,0,,,,,,,,,,,,,,
152,580,1.178862,2.482759,1.132812,116,99,1.171717,3.638534,0.829268,1.752706,-17.098814,0.217535,0.134256,101,0.050430,0.052552,7,0.243056,0.810366,0.853755,0.628313,4.025,24.925,65.742,100.058,5,0.137846,8.00
153,183,1.115854,1.925373,1.095808,67,75,0.893333,3.75931,0.884146,1.898702,-9.3,0.290888,0.055909,17,0.014510,0.015972,10,0.139535,0.562790,0.827276,0.456260,3.069,13.603,31.397,46.638,6,0.119725,8.00
154,557,1.062977,1.75122,1.139059,205,151,1.357616,3.869296,0.937023,1.866331,-36.029326,0.188765,0.043398,72,0.017293,0.018880,8,0.100279,0.709297,0.757555,0.563754,4.008,43.750,106.808,164.200,6,-0.027467,8.00
155,682,1.084261,1.978903,1.167808,237,212,1.117925,4.635826,0.926868,1.786933,-16.695067,0.222388,0.087632,129,0.043279,0.023173,10,0.098081,0.781477,0.826339,0.629815,3.517,26.842,87.450,157.867,6,0.266691,8.00
156,339,1.104235,1.727273,1.069401,143,145,0.986207,4.567103,0.895765,1.874682,-5.161826,0.25702,0.017154,30,0.031464,-0.017339,12,0.048583,0.518913,0.874937,0.444280,3.042,10.017,26.317,51.242,8,0.253251,8.00
157,2056,1.133407,3.141361,1.095365,382,389,0.982005,5.016515,0.879272,1.662907,-37.015469,0.239793,0.137079,557,0.054694,0.048340,7,0.168333,1.081531,0.837345,0.829411,5.600,69.342,260.050,432.208,5,0.232985,8.00
158,147,1.245763,2.194444,1.195122,36,39,0.923077,3.012683,0.762712,1.841283,-6.714286,0.299444,0.132537,17,0.005821,0.101576,8,0.227848,0.420356,0.817443,0.338790,3.295,10.508,19.557,25.492,6,0.154685,8.00
159,744,1.115442,2.200873,1.149923,229,229,1.0,4.823902,0.898051,1.811607,-9.540453,0.25186,0.067099,74,0.023930,0.050872,12,0.773810,0.596632,0.841116,0.497664,3.500,15.542,46.025,87.517,7,0.206845,8.00
160,75,1.071429,1.741935,1.119403,31,37,0.837838,3.393169,0.928571,1.907247,-1.037037,0.128333,0.0,2,0.004957,-0.012346,11,0.000000,0.263456,0.910148,0.230316,2.770,5.328,8.115,10.574,8,-0.069945,8.00
161,33,1.0,1.045455,1.064516,22,17,1.294118,2.382861,1.0,2.150032,0.434783,0.062284,0.0,0,,,,,,,,,,,,,,
162,404,1.060367,1.715976,1.131653,169,156,1.083333,4.474655,0.939633,1.864238,-10.109091,0.226064,0.047232,49,0.019397,0.018424,9,0.103448,0.604635,0.836332,0.500782,2.958,13.900,40.958,79.008,7,0.207488,8.00
163,451,1.071259,1.764103,1.076372,195,187,1.042781,4.696861,0.928741,1.869148,-9.26284,0.211586,0.044763,67,0.034271,0.003256,9,0.075581,0.607805,0.828126,0.503807,3.400,16.575,51.708,96.283,7,0.285891,8.00
164,321,1.07,1.719424,1.099315,139,115,1.208696,4.143902,0.936667,1.875761,-9.568966,0.18046,0.055805,48,0.039059,0.031461,9,0.058577,0.706490,0.864565,0.574050,3.150,14.633,45.017,83.192,6,0.206915,8.00
165,114,1.085714,1.588235,1.14,51,53,0.962264,3.220525,0.914286,1.982973,-5.037975,0.211131,0.083409,7,0.000330,0.044293,7,0.049383,0.449448,0.865100,0.369371,2.775,8.596,15.382,21.652,6,0.269295,8.00
166,492,1.086093,2.025641,1.146853,156,139,1.122302,4.300699,0.92936,1.75896,-10.449511,0.172992,0.089476,92,0.044004,0.038742,9,0.056962,0.599177,0.826289,0.496011,3.592,17.083,53.450,97.717,7,0.297212,8.00
167,47,1.146341,1.444444,1.146341,18,19,0.947368,2.63816,0.853659,2.01914,-1.538462,0.221644,0.043155,1,,,,,,,,,,,,,,
168,27,1.08,1.533333,1.173913,15,14,1.071429,2.538258,0.92,1.913286,-1.0,0.177083,0.026667,1,,,,,,,,,,,,,,
169,275,1.09127,1.647541,1.095618,122,121,1.008264,4.361921,0.920635,1.924613,-6.666667,0.174468,0.019639,20,0.015665,-0.006411,10,0.089552,0.557464,0.859425,0.466374,2.742,11.192,28.292,49.583,7,0.309755,8.00
170,203,1.051813,1.626866,1.134078,67,65,1.030769,3.46645,0.953368,1.91783,-3.811321,0.161434,0.040677,14,0.043876,0.014881,8,0.055046,0.477077,0.883569,0.391269,2.927,8.000,16.636,24.709,6,0.163749,8.00
171,212,1.164835,1.580645,1.065327,93,97,0.958763,4.237657,0.868132,1.901945,-2.167832,0.115492,0.077302,15,0.009952,0.039311,12,0.054422,0.341860,0.911827,0.298752,2.933,6.533,11.267,16.400,8,0.135651,8.00
172,272,1.182609,1.603604,1.114754,111,99,1.121212,4.127382,0.83913,1.846699,-4.0,0.22984,0.055158,29,0.031195,0.026831,9,0.044944,0.540238,0.893305,0.454419,3.150,9.083,22.617,42.950,7,0.342930,8.00
173,93,1.021978,1.372549,1.068966,51,47,1.085106,3.485915,0.978022,2.005313,-1.855072,0.113659,0.011848,4,0.010753,0.016425,7,0.028571,0.365932,0.935605,0.308969,2.643,5.500,8.262,11.714,6,0.054379,8.00
174,77,1.132353,1.555556,1.069444,27,27,1.0,2.781033,0.867647,1.973631,-2.714286,0.230035,0.034014,2,0.001064,0.011905,5,0.000000,0.428372,0.847382,0.314446,2.714,6.551,9.327,10.061,4,-0.147537,8.00
175,33,1.064516,1.3125,1.178571,16,13,1.230769,2.306163,0.935484,2.005106,-0.571429,0.115385,0.0,0,,,,,,,,,,,,,,
176,281,1.101961,1.554545,1.076628,110,113,0.973451,4.178011,0.898039,1.9379,-3.308642,0.231828,0.04088,19,0.027264,0.016364,9,0.105263,0.459767,0.873359,0.375347,2.725,7.242,14.917,22.233,6,0.251189,8.00
177,86,1.04878,1.310345,1.102564,58,52,1.115385,3.798067,0.95122,2.043595,-0.8,0.11303,0.005228,2,0.005107,0.008844,6,0.157895,0.314625,0.911601,0.254477,2.522,4.543,6.674,8.174,5,0.154852,8.00
178,100,1.086957,1.305085,1.06383,59,49,1.204082,3.677916,0.923913,1.958494,-0.506667,0.052771,0.0,2,0.049222,-0.034889,11,0.051948,0.226910,0.899335,0.196892,2.630,4.674,6.674,8.522,8,-0.131870,8.00
179,57,1.096154,1.4,1.036364,35,35,1.0,3.293373,0.923077,2.023567,-1.708333,0.250503,0.09,3,0.000000,0.043750,8,0.040816,0.309211,0.874134,0.255033,2.600,5.267,8.300,10.567,6,0.281319,8.00
180,250,1.082251,1.745455,1.068376,110,118,0.932203,4.459732,0.917749,1.8912,-4.425532,0.242219,0.013521,20,0.036329,-0.004054,11,0.041667,0.577703,0.887299,0.485375,2.900,9.200,24.850,49.350,7,0.149730,8.00
181,38,1.055556,1.5,1.266667,14,10,1.4,1.988217,0.944444,1.832441,-0.947368,0.221607,0.071667,3,,,,,,,,,,,,,,
182,41,1.0,1.0625,1.078947,32,23,1.391304,2.715786,1.0,2.149468,-0.764706,0.062057,0.0,0,,,,,,,,,,,,,,
183,192,1.142857,1.45679,1.084746,81,81,1.0,3.981469,0.869048,1.993195,-2.298246,0.122296,0.017626,7,0.003129,0.001535,7,0.067797,0.397949,0.878352,0.322389,2.633,5.850,11.108,15.950,6,0.424078,8.00
184,37,1.121212,1.380952,1.027778,21,21,1.0,2.863924,0.878788,2.036159,-0.615385,0.22314,0.085294,2,,,,,,,,,,,,,,
185,3,1.0,1.5,1.0,2,3,0.666667,1.098612,1.0,2.202246,1.333333,0.4375,0.0,0,,,,,,,,,,,,,,
186,164,1.093333,1.569444,1.205882,72,60,1.2,3.497036,0.913333,1.853618,-3.54955,0.17549,0.026667,17,0.032081,0.014565,10,0.035398,0.379009,0.867025,0.323938,3.018,7.909,15.273,25.073,8,0.315479,8.00
187,672,1.035439,1.826316,1.239852,190,118,1.610169,3.712297,0.966102,1.775165,-11.307918,0.177777,0.055338,104,0.057594,0.020703,10,0.034582,0.580558,0.806435,0.478246,4.017,22.558,60.158,113.042,7,0.217205,8.00
188,41,1.078947,1.392857,1.051282,28,32,0.875,3.370977,0.921053,1.990431,-0.205128,0.07955,0.046667,1,,,,,,,,,,,,,,
189,37,1.0,1.333333,1.088235,18,17,1.058824,2.372513,1.0,2.046952,-0.782609,0.24019,0.0,1,,,,,,,,,,,,,,
190,61,1.051724,1.419355,1.051724,31,31,1.0,3.194203,0.948276,2.014309,-1.045455,0.159465,0.02303,3,0.017341,0.023106,6,0.000000,0.314262,0.933569,0.254255,2.600,4.636,6.527,8.091,5,0.157972,8.00
191,239,1.116822,1.594828,1.143541,116,85,1.364706,3.819846,0.934579,1.911493,-7.341317,0.172462,0.08446,29,0.035170,0.078770,8,0.194595,0.628753,0.865159,0.507354,2.958,11.200,30.908,54.333,6,0.124577,8.00
192,65,1.048387,1.25641,1.203704,39,32,1.21875,3.000438,0.951613,2.089841,-0.530612,0.063365,0.021739,1,0.000000,0.017007,4,0.000000,0.273359,0.887410,0.204298,2.420,4.130,5.029,5.638,4,-0.031704,8.00
193,40,1.025641,1.16,1.25,25,22,1.136364,2.90702,0.974359,2.106626,0.785714,0.10113,0.0,0,,,,,,,,,,,,,,
194,10,1.0,1.0,1.0,6,4,1.5,1.279854,1.0,2.245317,1.0,0.049383,0.0,0,,,,,,,,,,,,,,
195,6,1.0,1.0,1.5,6,4,1.5,1.329661,1.0,2.202246,1.333333,0.049383,0.0,0,,,,,,,,,,,,,,
196,49,1.113636,1.259259,1.088889,27,28,0.964286,3.096274,0.886364,2.058979,0.705882,0.067274,0.068027,2,,,,,,,,,,,,,,
197,123,1.069565,1.522727,1.060345,44,46,0.956522,3.268388,0.930435,1.958564,-1.969231,0.18225,0.070529,9,0.013063,0.041148,8,0.059701,0.319497,0.878347,0.261431,2.733,5.480,8.733,11.667,6,0.407920,8.00
198,3,1.0,1.0,1.0,2,2,1.0,0.636514,1.0,nan,2.0,0.222222,0.0,0,,,,,,,,,,,,,,
199,43,1.02381,1.466667,1.02381,15,12,1.25,2.007846,0.97619,1.916159,-3.904762,0.231293,0.10202,2,,,,,,,,,,,,,,
200,32,1.032258,1.190476,1.066667,21,21,1.0,2.896821,0.967742,2.174468,0.56,0.166205,0.059829,1,,,,,,,,,,,,,,
201,99,1.1,1.416667,1.11236,60,56,1.071429,3.761532,0.9,2.001667,-1.975309,0.134765,0.039359,6,0.002390,0.030570,11,0.094118,0.294909,0.898113,0.254982,2.653,5.367,8.857,12.184,8,0.290674,8.00
202,155,1.083916,1.424658,1.192308,73,55,1.327273,3.462883,0.916084,1.942276,-4.792079,0.150493,0.102037,10,0.002385,0.056650,8,0.057692,0.427894,0.868037,0.359153,2.870,8.593,16.037,25.981,7,0.062985,8.00
203,12,1.090909,1.111111,1.090909,9,5,1.8,1.098612,0.909091,2.066538,-1.4,0.104167,0.0,0,,,,,,,,,,,,,,
204,41,1.108108,1.21875,1.205882,32,27,1.185185,3.138767,0.891892,2.019986,-0.410256,0.0568,0.041176,1,,,,,,,,,,,,,,
205,42,1.105263,1.26087,1.02439,23,23,1.0,2.926337,0.894737,2.188909,-0.275862,0.120065,0.0,0,,,,,,,,,,,,,,
206,37,1.121212,1.190476,1.121212,21,11,1.909091,1.815266,0.878788,2.06565,-7.25,0.097394,0.071769,2,,,,,,,,,,,,,,
207,32,1.103448,1.4,1.230769,15,17,0.882353,2.408499,0.896552,2.097379,0.666667,0.078889,0.0,0,,,,,,,,,,,,,,
208,50,1.041667,1.178571,1.190476,28,25,1.12,2.956951,0.958333,2.048692,-0.060606,0.08781,0.046667,1,0.000000,0.006061,4,0.000000,0.237114,0.893328,0.176345,2.467,3.844,4.689,5.089,4,-0.051013,8.00
209,14,1.272727,1.5,1.0,4,5,0.8,1.215388,0.727273,1.961797,0.666667,0.346939,0.0,0,,,,,,,,,,,,,,
210,58,1.115385,1.371429,1.234043,35,22,1.590909,2.778618,0.884615,1.871599,-1.666667,0.0984,0.06746,4,0.000579,0.019097,9,0.000000,0.331138,0.901747,0.283911,2.882,5.863,9.706,14.333,7,0.020458,8.00
211,30,1.2,1.230769,1.111111,13,11,1.181818,2.247889,0.8,2.096239,0.875,0.060491,0.0,1,,,,,,,,,,,,,,
212,8,1.0,1.0,1.0,6,6,1.0,1.732868,1.0,2.442695,2.0,0.049587,0.0,0,,,,,,,,,,,,,,
213,7,1.0,1.166667,1.0,6,6,1.0,1.747868,1.0,2.168177,0.857143,0.24,0.0,0,,,,,,,,,,,,,,
214,8,1.0,1.0,1.0,7,6,1.166667,1.732868,1.0,2.339645,1.714286,0.041667,0.0,0,,,,,,,,,,,,,,
215,5,1.0,1.0,1.0,4,4,1.0,1.332179,1.0,2.442695,2.0,0.081633,0.0,0,,,,,,,,,,,,,,
216,10,1.0,1.2,1.0,5,5,1.0,1.418484,1.0,2.120785,0.666667,0.296875,0.0,0,,,,,,,,,,,,,,
217,46,1.045455,1.178571,1.095238,28,26,1.076923,2.941204,0.954545,2.117782,0.3125,0.151701,0.0,0,,,,,,,,,,,,,,
218,7,1.0,1.0,1.0,4,4,1.0,1.277034,1.0,2.442695,2.0,0.081633,0.0,0,,,,,,,,,,,,,,
219,10,1.0,1.333333,1.0,6,8,0.75,2.025326,1.0,2.295976,1.25,0.201183,0.0,0,,,,,,,,,,,,,,
220,21,1.05,1.214286,1.105263,14,13,1.076923,2.331253,0.95,2.14542,-0.705882,0.217391,0.0,0,,,,,,,,,,,,,,
221,15,1.25,1.3,1.666667,10,6,1.666667,1.639706,0.75,1.965543,-0.615385,0.084444,0.0,2,,,,,,,,,,,,,,
222,12,1.2,1.111111,1.090909,9,8,1.125,1.979205,0.8,2.202246,1.333333,0.173469,0.0,0,,,,,,,,,,,,,,
223,21,1.3125,1.416667,1.166667,12,13,0.923077,2.42548,0.6875,1.989166,0.4,0.105263,0.116667,1,,,,,,,,,,,,,,
224,12,1.0,1.0,1.090909,11,9,1.222222,2.138333,1.0,2.311541,1.636364,0.024931,0.0,0,,,,,,,,,,,,,,
225,3,1.0,1.0,1.0,3,3,1.0,1.098612,1.0,2.442695,2.0,0.12,0.0,0,,,,,,,,,,,,,,
226,10,1.111111,1.428571,1.428571,7,7,1.0,1.886697,0.888889,1.840245,-0.222222,0.481481,0.233333,1,,,,,,,,,,,,,,
227,14,1.166667,1.2,1.076923,10,10,1.0,2.205598,0.833333,2.162232,1.0,0.132716,0.0,0,,,,,,,,,,,,,,
228,1,1.0,1.0,1.0,1,1,1.0,-0.0,1.0,nan,2.0,nan,0.0,0,,,,,,,,,,,,,,
229,4,1.0,1.0,1.0,3,3,1.0,1.039721,1.0,2.442695,2.0,0.12,0.0,0,,,,,,,,,,,,,,
230,2,1.0,1.0,1.0,2,2,1.0,0.693147,1.0,nan,2.0,0.222222,0.0,0,,,,,,,,,,,,,,
231,3,1.0,1.0,1.0,3,3,1.0,1.098612,1.0,2.202246,1.333333,0.375,0.0,0,,,,,,,,,,,,,,
232,3,1.0,1.0,1.0,3,3,1.0,1.098612,1.0,2.442695,2.0,0.12,0.0,0,,,,,,,,,,,,,,
233,2,1.0,1.0,1.0,2,2,1.0,0.693147,1.0,nan,2.0,0.222222,0.0,0,,,,,,,,,,,,,,
234,2,1.0,1.0,1.0,2,2,1.0,0.693147,1.0,nan,2.0,0.222222,0.0,0,,,,,,,,,,,,,,
235,22,1.1,1.4,1.1,5,6,0.833333,1.451463,0.9,2.168177,0.857143,0.26,0.0,0,,,,,,,,,,,,,,
236,6,1.2,1.5,1.2,2,2,1.0,0.450561,0.8,nan,0.666667,0.555556,0.0,0,,,,,,,,,,,,,,
237,1,1.0,1.0,1.0,1,1,1.0,-0.0,1.0,nan,2.0,nan,0.0,0,,,,,,,,,,,,,,
