relation_id,n_triples,temporal_fanout,static_fanout,tail_fanin,n_heads,n_tails,head_tail_ratio,tail_entropy,one_to_one_frac,powerlaw_gamma,forman_ricci,grc,clustering,beta1,delta_hyp,ollivier_rc,longest_path,reciprocity,growth_rate,growth_r2,sustained_growth,ball_r1,ball_r2,ball_r3,ball_r4,saturation_r,branch_persist,eff_diameter,ollivier_rc_exact
0,61107,1.654895,5.447156,1.963971,5573,3527,1.580096,5.859738,0.728666,1.577388,-333.334648,0.086167,0.268831,21323,0.019276,0.056646,5,0.162005,2.065867,0.830941,1.464756,11.092,897.808,4757.875,6226.392,4,0.184501,8.00,0.112021
1,33766,1.55891,6.134721,1.55891,3459,3459,1.0,6.554509,0.713666,1.619971,-122.644675,0.056494,0.162356,7252,0.034846,0.061904,8,1.000000,1.464143,0.814440,1.110132,6.483,228.192,1432.983,2589.600,5,0.214643,8.00,-0.072412
2,19947,1.465506,3.931346,1.962708,2549,1448,1.760359,4.708283,0.774594,1.665512,-345.06627,0.071803,0.253193,6087,0.043526,0.030550,8,0.190001,1.969511,0.761999,1.372804,5.717,793.858,2333.942,2832.608,4,-0.015901,8.00,-0.166667
3,16426,1.73508,5.332753,1.546559,1722,1389,1.239741,5.638367,0.652794,1.581655,-145.999497,0.138485,0.190116,5799,0.045031,0.048111,6,0.266362,1.841972,0.843159,1.317891,6.983,325.683,1422.150,1982.475,4,0.224886,8.00,-0.294629
4,14160,1.316352,4.45569,1.436688,2144,1793,1.195761,5.863283,0.788975,1.651988,-140.64072,0.17625,0.157117,6020,0.028828,0.042897,7,0.138805,1.424064,0.789825,1.069589,6.817,262.242,1602.075,2540.317,5,0.240761,8.00,-0.256803
5,14099,1.595812,7.989701,1.303893,971,2274,0.427001,6.425765,0.69202,1.663355,-103.038838,0.602146,0.132163,4998,0.039311,0.029454,6,0.048466,1.454625,0.817995,1.098540,6.017,180.833,1272.317,2277.708,5,0.038340,8.00,-0.245889
6,14093,1.303942,3.41355,1.595675,2273,971,2.340886,5.185678,0.823464,1.663475,-103.036597,0.043501,0.132163,4997,0.026041,0.010864,7,0.048975,1.420705,0.806095,1.070160,6.733,221.783,1354.750,2362.467,5,0.111068,8.00,-0.281204
7,12503,1.43878,3.944598,1.537128,1805,1324,1.363293,5.318166,0.791715,1.670463,-201.228522,0.129264,0.206553,4096,0.025234,0.034186,6,0.211517,1.757111,0.812128,1.245346,8.992,471.517,1604.650,2090.375,4,0.183275,8.00,-0.228613
8,10811,1.741463,5.687931,2.294355,580,828,0.700483,3.731188,0.698776,1.670584,-155.47529,0.422041,0.151077,2053,0.075066,-0.012741,6,0.012731,1.594329,0.793060,1.119700,8.067,336.433,965.050,1153.908,4,0.008662,8.00,-0.179798
9,10087,1.477516,3.599438,1.534845,1423,1155,1.232035,5.117444,0.778233,1.712877,-186.901714,0.16677,0.185296,2706,0.045680,0.041557,7,0.200312,1.933873,0.795747,1.368058,3.867,360.975,1219.158,1624.467,4,0.162777,8.00,-0.245752
10,8852,2.011818,4.503559,1.588373,562,550,1.021818,4.372212,0.664773,1.659001,-107.949423,0.360518,0.184905,1435,0.036481,0.068078,6,0.218886,1.424303,0.799382,1.003985,8.733,236.533,608.408,735.025,4,0.007065,8.00,-0.318760
11,8065,2.623617,11.464706,1.734409,170,575,0.295652,4.236067,0.470072,1.676042,-143.949002,0.700828,0.320532,1170,0.016398,0.075268,5,0.148794,1.430542,0.731023,0.982990,6.717,294.708,591.550,626.917,4,-0.281074,8.00,-0.229575
12,6083,1.243459,3.514545,1.243205,1100,1101,0.999092,5.795471,0.835446,1.742682,-33.515245,0.120292,0.083118,909,0.042128,0.013145,8,0.998965,0.997911,0.819703,0.793076,4.625,55.308,287.858,626.817,6,0.309909,8.00,-0.320499
13,4533,1.339539,3.40617,1.341521,778,790,0.98481,5.450337,0.795213,1.732562,-29.926247,0.195346,0.138558,668,0.034572,0.068537,9,0.956226,0.848303,0.804550,0.675251,5.067,47.892,195.075,348.800,6,0.334468,8.00,-0.113065
14,4871,1.25606,4.424337,1.255412,641,576,1.112847,5.011092,0.826457,1.689491,-48.77416,0.191138,0.114331,1130,0.066138,0.082290,8,0.657264,1.178827,0.838975,0.905717,4.517,69.358,293.217,511.525,5,0.269183,8.00,-0.239827
15,4906,1.245178,2.825848,1.425748,1091,712,1.532303,4.73334,0.848985,1.777931,-130.744008,0.118529,0.138544,1488,0.032536,0.019536,8,0.132339,1.811147,0.832877,1.291141,4.492,217.583,870.817,1184.525,4,0.100228,8.00,-0.270844
16,4590,1.293687,3.490082,1.309932,857,719,1.191933,5.196554,0.804397,1.711684,-95.958233,0.160324,0.164611,1399,0.035260,0.050452,8,0.335005,1.207815,0.749684,0.901764,5.067,175.383,632.417,890.700,5,0.191961,8.00,-0.112622
17,4068,1.242517,2.811254,1.33246,853,752,1.134309,5.267089,0.844533,1.792571,-80.347375,0.183019,0.112005,643,0.017589,0.051015,7,0.713094,1.207931,0.775155,0.914181,3.683,109.858,385.500,590.550,5,0.146693,8.00,-0.154857
18,4699,1.84564,3.423267,2.060061,404,407,0.992629,3.31408,0.704242,1.782677,-133.121701,0.431981,0.148855,682,0.024322,0.060332,6,0.027477,1.372943,0.790427,0.963509,8.875,226.558,545.433,643.458,4,-0.336815,8.00,-0.145926
19,3582,1.26662,3.126514,1.251572,743,719,1.03338,5.204212,0.828147,1.753571,-90.345116,0.245936,0.133705,1067,0.038362,0.002861,8,0.148945,1.242804,0.771114,0.933373,4.675,151.975,583.100,888.167,5,0.267374,8.00,-0.198780
20,3325,1.633104,5.521951,1.52453,205,317,0.646688,3.867408,0.624754,1.687577,-76.86558,0.416472,0.25847,594,0.051104,0.095119,7,0.265018,1.317539,0.777604,0.916949,6.042,142.750,336.233,366.833,4,-0.210882,8.00,-0.229012
21,3245,1.503707,3.215827,1.30269,556,581,0.956971,4.714715,0.799351,1.772342,-81.316456,0.323013,0.130961,846,0.047040,0.052403,6,0.055928,1.185608,0.756779,0.884816,4.825,142.717,538.242,751.125,5,0.080564,8.00,-0.195439
22,2643,1.233894,2.583784,1.2041,740,523,1.414914,4.997812,0.830532,1.785131,-73.64059,0.156345,0.112891,799,0.031397,0.038544,7,0.154812,1.260122,0.781681,0.948493,3.775,114.525,477.233,741.167,5,0.228101,8.00,-0.175487
23,2441,1.160171,2.653846,1.350858,546,372,1.467742,4.33469,0.875951,1.754394,-75.259094,0.143449,0.128685,660,0.062796,0.007125,8,0.140787,1.103487,0.757127,0.826662,5.175,128.450,402.275,570.417,5,0.179427,8.00,-0.138248
24,2475,1.194498,2.791016,1.194498,512,513,0.998051,5.099764,0.849903,1.822463,-17.239161,0.143161,0.0637,246,0.059553,-0.027175,9,0.999300,0.855048,0.867650,0.693539,3.992,26.167,96.092,208.308,6,0.097197,8.00,-0.387745
25,2174,1.248708,2.743316,1.217245,561,445,1.260674,4.8229,0.825962,1.769063,-88.797193,0.179024,0.110571,667,0.052578,0.016276,7,0.148148,1.638158,0.823306,1.171210,3.967,149.275,465.100,638.825,4,0.122859,8.00,-0.237651
26,1933,1.38269,4.273292,1.784857,161,191,0.842932,3.145955,0.736052,1.693543,-57.927383,0.332743,0.175679,377,0.036290,0.052800,5,0.078488,1.339619,0.795170,0.939031,4.217,94.908,235.025,271.017,4,-0.054835,8.00,-0.118433
27,1526,1.185703,2.268924,1.354037,502,413,1.215496,4.538815,0.866356,1.847612,-97.691262,0.184085,0.129257,339,0.005752,0.033119,7,0.191396,1.160302,0.700187,0.861301,3.342,165.658,423.917,562.000,5,0.174065,8.00,-0.148810
28,1728,1.237822,3.124088,1.531915,274,262,1.045802,3.648734,0.823782,1.747593,-57.487304,0.213864,0.128748,392,0.042953,0.044919,7,0.067757,1.426968,0.863813,1.033794,4.717,80.967,264.525,369.825,4,0.111792,8.00,-0.132143
29,1318,1.261244,2.514745,1.261244,373,373,1.0,5.150313,0.83445,1.824839,-10.514894,0.200254,0.071414,143,0.049658,0.060172,11,0.997868,0.669498,0.863033,0.558814,3.083,13.217,44.783,97.883,7,0.382234,8.00,-0.197997
30,1477,1.337862,3.54321,1.504073,162,145,1.117241,3.576471,0.765399,1.638797,-31.387097,0.304222,0.217534,322,0.050259,0.056143,7,0.055749,1.166824,0.884431,0.850804,6.008,52.492,154.100,205.117,4,0.053046,8.00,-0.204938
31,1348,1.112211,1.848659,1.337302,522,264,1.977273,3.908217,0.90264,1.862128,-93.468951,0.094293,0.087986,311,0.005874,0.024512,6,0.064249,1.061434,0.769652,0.802667,5.267,113.367,313.275,466.617,5,-0.004985,8.00,-0.158995
32,1161,1.155224,2.425837,1.47335,209,142,1.471831,2.952528,0.871642,1.724929,-39.775551,0.160969,0.133703,225,0.040072,0.038844,6,0.031558,0.983597,0.767874,0.737258,3.825,60.883,177.725,245.892,5,0.048126,8.00,-0.147547
33,1423,1.949315,4.529412,1.397839,85,166,0.512048,3.204586,0.621918,1.774453,-47.896104,0.55358,0.091104,161,0.043831,0.014422,6,0.000000,1.180396,0.798788,0.837966,5.342,85.033,174.442,215.008,4,-0.291842,8.00,-0.022718
34,1036,1.196305,1.840491,1.863309,326,175,1.862857,2.665658,0.825635,1.864397,-115.889845,0.076731,0.146577,173,0.004327,0.028750,7,0.063333,1.306404,0.757556,0.919652,5.367,150.433,281.017,339.200,4,-0.083003,8.00,-0.213842
35,1145,1.147295,2.33631,1.165988,336,310,1.083871,4.801427,0.88978,1.824492,-35.381471,0.232007,0.066097,246,0.017925,0.008730,7,0.129936,1.112565,0.828070,0.850911,3.850,54.950,210.442,349.833,5,0.289099,8.00,-0.363756
36,438,1.331307,4.536585,1.123077,41,70,0.585714,3.325057,0.759878,1.660185,-17.595628,0.553359,0.170836,92,0.056023,0.095224,6,0.032258,0.932273,0.882454,0.681028,4.894,28.085,65.511,82.532,4,-0.111787,8.00,-0.180885
37,803,1.256651,3.100917,1.274603,109,116,0.939655,3.147624,0.785603,1.828843,-50.607261,0.268195,0.169446,126,0.020213,0.080914,5,0.207101,1.117559,0.755841,0.773955,4.600,77.192,143.508,155.175,4,-0.183648,8.00,-0.150681
38,787,1.070748,2.203125,1.208909,256,186,1.376344,3.961145,0.930612,1.773082,-34.420108,0.174383,0.094521,215,0.050570,0.020542,8,0.024823,1.036577,0.810519,0.789165,3.758,50.525,174.367,261.333,5,0.083428,8.00,-0.160566
39,851,1.081321,2.17,1.116798,300,280,1.071429,4.717242,0.931385,1.867984,-35.095315,0.226707,0.065155,182,0.031746,0.022262,7,0.098310,1.118297,0.840071,0.859010,2.908,38.342,150.850,258.842,5,0.235937,8.00,-0.174859
40,801,1.373928,2.424242,1.543353,132,98,1.346939,3.072078,0.777015,1.804625,-31.469256,0.183517,0.097263,119,0.045063,0.037446,6,0.068750,0.857908,0.783199,0.645553,4.467,45.008,119.842,162.067,5,-0.111970,8.00,-0.177354
41,835,1.351133,2.608333,1.171108,120,100,1.2,3.72848,0.78479,1.708812,-20.717949,0.403119,0.096011,132,0.048658,0.041632,7,0.006390,0.868894,0.832729,0.663559,4.575,34.783,102.242,153.050,5,0.176326,8.00,-0.224405
42,733,1.113982,2.381215,1.364991,181,143,1.265734,3.445872,0.904255,1.788052,-28.951276,0.102386,0.021101,145,0.029533,-0.004943,9,0.000000,0.988776,0.839108,0.761195,3.600,36.850,117.667,190.825,5,0.177766,8.00,-0.127439
43,824,1.078534,1.488764,2.591195,178,62,2.870968,1.098488,0.933246,2.000174,-101.713208,0.15192,0.119556,52,0.000000,0.041324,5,0.000000,1.360893,0.688451,0.928589,2.525,126.150,192.058,204.883,4,-0.418040,8.00,-0.255820
44,701,1.132472,2.595628,1.1473,183,174,1.051724,4.244828,0.877221,1.763557,-26.870488,0.373839,0.090614,191,0.057685,0.030725,8,0.016842,0.998154,0.838411,0.763543,3.842,36.717,133.158,212.250,5,0.130791,8.00,-0.236979
45,676,1.817204,3.706667,1.07815,75,161,0.465839,3.994583,0.610215,1.894471,-50.510791,0.617492,0.073322,72,0.011130,0.023300,6,0.000000,1.183531,0.786303,0.839338,4.333,74.725,147.292,178.617,4,-0.122352,8.00,-0.155727
46,644,1.066225,2.178571,1.15,252,219,1.150685,4.762723,0.940397,1.821623,-16.036969,0.203414,0.040026,179,0.053810,0.012266,8,0.029144,0.843537,0.836478,0.674765,3.217,23.617,94.358,185.683,6,0.238308,8.00,-0.278082
47,737,1.409178,2.445946,1.456522,74,50,1.48,2.030429,0.730402,1.793722,-21.734807,0.321715,0.044574,65,0.048454,0.017419,6,0.000000,1.094281,0.871832,0.791816,4.094,33.598,89.496,113.359,4,-0.346759,8.00,-0.080912
48,624,1.144954,2.302326,1.395973,86,35,2.457143,2.028353,0.87156,1.751261,-36.437158,0.1177,0.276483,84,0.049010,0.146240,5,0.151515,0.960424,0.746033,0.664884,4.624,55.238,89.475,96.723,4,-0.554040,8.00,-0.146507
49,585,1.280088,2.355932,1.077348,177,209,0.84689,4.56512,0.800875,1.885719,-42.44898,0.36254,0.064378,105,0.009060,0.032603,7,0.119904,0.938682,0.733406,0.701037,3.275,60.775,144.592,190.475,5,0.182205,8.00,-0.190805
50,477,1.08656,2.854701,1.091533,117,145,0.806897,4.35033,0.922551,1.771581,-24.95092,0.339655,0.045446,121,0.033937,0.041384,7,0.047904,0.898969,0.807415,0.685870,3.367,34.967,91.592,136.958,5,0.168844,8.00,-0.192036
51,484,1.138824,2.552632,1.206983,114,141,0.808511,3.471312,0.875294,1.888668,-26.090592,0.260697,0.075199,72,0.019450,0.036726,7,0.027491,0.925640,0.799547,0.704348,3.158,33.708,103.217,143.833,5,0.164955,8.00,-0.216975
52,668,1.115192,1.854922,1.279693,193,160,1.20625,4.008368,0.904841,1.851557,-11.337176,0.179675,0.049905,89,0.048615,0.031869,12,0.061453,0.498436,0.773068,0.418175,3.283,15.492,49.625,93.933,8,0.178314,8.00,-0.063889
53,513,1.066528,2.302326,1.147651,129,131,0.984733,3.677264,0.948025,1.844419,-23.311203,0.267757,0.061184,68,0.035620,0.024984,7,0.377104,0.846006,0.797005,0.645032,3.600,34.667,84.817,119.567,5,0.106448,8.00,-0.169852
54,482,1.075893,2.708955,1.052402,134,177,0.757062,4.564382,0.933036,1.790219,-12.958678,0.324251,0.030675,110,0.043749,0.017695,10,0.000000,0.780563,0.856790,0.631972,3.333,19.442,67.308,127.658,6,0.163747,8.00,-0.097826
55,492,1.194175,2.831461,1.294737,89,89,1.0,2.903053,0.837379,1.731524,-22.232,0.294021,0.076127,98,0.042819,0.033792,6,0.015873,0.831219,0.808307,0.629027,4.442,35.650,96.817,135.833,5,0.148712,8.00,-0.234286
56,502,1.206731,2.344156,1.108168,154,152,1.013158,4.115746,0.836538,1.817666,-36.498498,0.275869,0.109649,107,0.022308,0.039007,8,0.155125,0.898024,0.751613,0.678354,3.292,50.483,111.150,152.617,5,0.109371,8.00,-0.215949
57,470,1.103286,2.044693,1.143552,179,169,1.059172,4.374993,0.908451,1.863644,-16.191011,0.256274,0.05834,99,0.029756,0.026444,8,0.054645,0.725001,0.831650,0.579549,3.817,22.700,70.942,128.950,6,0.247270,8.00,-0.184111
58,477,1.152174,3.815385,1.101617,65,85,0.764706,3.658032,0.881643,1.724986,-22.809717,0.421821,0.094086,113,0.068838,0.048636,6,0.008065,0.779822,0.791673,0.588482,4.383,34.317,84.492,111.908,5,0.016056,8.00,-0.155271
59,464,1.099526,2.106509,1.137255,169,121,1.396694,3.786307,0.912322,1.839466,-38.780059,0.168217,0.116002,104,0.020018,0.055140,7,0.084270,0.874336,0.750061,0.662162,4.417,62.167,139.858,183.725,5,0.089003,8.00,-0.060606
60,446,1.137755,1.958904,1.126263,146,142,1.028169,3.893573,0.877551,1.922632,-24.318519,0.231163,0.052788,56,0.029071,0.003975,10,0.111888,0.632120,0.733369,0.499949,3.683,32.692,79.458,109.125,6,0.093991,8.00,-0.084848
61,455,1.880165,5.285714,1.129032,21,56,0.375,2.803335,0.561983,1.741431,-28.846847,0.793373,0.237311,47,0.024899,0.116538,4,0.000000,1.317790,0.828212,0.824561,4.364,46.091,60.879,62.121,3,-0.549469,8.00,-0.040476
62,517,1.543284,6.217391,1.2925,23,75,0.306667,2.72347,0.683582,1.819843,-34.167832,0.52139,0.046914,49,0.062380,-0.004662,4,0.000000,0.994853,0.758430,0.695031,4.011,51.084,80.411,95.000,4,-0.562547,8.00,-0.047619
63,406,1.100271,2.179104,1.124654,134,127,1.055118,3.947862,0.921409,1.861965,-19.766784,0.255254,0.068981,73,0.039809,0.026116,8,0.061644,0.895862,0.850620,0.691830,3.700,27.250,83.542,129.608,5,0.106036,8.00,-0.101010
64,331,1.235075,2.586207,1.141379,87,85,1.023529,3.816789,0.787313,1.733888,-13.72973,0.286713,0.069646,92,0.052752,0.039102,6,0.026667,0.751784,0.838603,0.574493,4.067,22.517,58.775,83.025,5,0.236812,8.00,-0.136724
65,408,1.108696,2.190141,1.040816,142,131,1.083969,4.366192,0.932065,1.807305,-15.421603,0.269214,0.064601,87,0.025898,0.025646,7,0.154341,0.703707,0.815878,0.559980,3.933,23.900,74.600,127.083,6,0.276858,8.00,-0.148331
66,390,1.089385,2.114286,1.189024,140,112,1.25,3.828013,0.916201,1.820628,-22.708333,0.20761,0.070395,83,0.035492,0.024156,7,0.054054,0.903658,0.831117,0.694422,4.100,35.550,104.658,156.033,5,-0.087096,8.00,-0.122222
67,399,1.055556,1.758427,1.069705,178,154,1.155844,4.535318,0.960317,1.890982,-15.146667,0.21969,0.030162,60,0.016907,0.016988,8,0.083067,0.722987,0.817660,0.576949,3.525,24.508,71.817,123.683,6,0.217410,8.00,-0.049206
68,242,1.080357,2.2,1.241026,45,41,1.097561,2.747798,0.933036,1.83895,-11.565217,0.214838,0.10029,25,0.036609,0.057733,7,0.141414,0.648936,0.833077,0.502408,3.556,16.944,35.750,48.694,5,-0.028203,8.00,-0.220693
69,326,1.135889,1.681159,1.105085,138,120,1.15,3.585807,0.902439,2.038041,-42.865169,0.234889,0.063301,25,0.004929,0.024428,8,0.465517,0.752944,0.665429,0.560918,3.258,51.750,81.942,96.292,5,-0.027312,8.00,-0.146825
70,324,1.069307,1.948276,1.090909,116,120,0.966667,4.215195,0.943894,1.841494,-6.558824,0.245373,0.023299,41,0.049310,0.003576,10,0.194690,0.579845,0.866450,0.483644,3.200,11.967,31.767,63.758,7,0.080210,8.00,-0.153361
71,298,1.120301,2.283019,1.128788,106,107,0.990654,4.133753,0.93985,1.803984,-11.233161,0.321663,0.081339,63,0.046495,0.064187,7,0.404959,0.765724,0.882105,0.597215,3.742,17.400,46.117,72.617,5,0.162762,8.00,-0.229978
72,249,1.169014,2.036585,1.142202,82,70,1.171429,3.50678,0.830986,1.81833,-10.402439,0.222481,0.045109,43,0.050042,0.016300,7,0.035928,0.799464,0.890729,0.626505,3.500,16.208,46.267,75.250,5,0.171327,8.00,-0.121849
73,224,1.082126,2.974359,1.131313,39,47,0.829787,2.710729,0.922705,1.74197,-16.722222,0.336938,0.20315,43,0.038071,0.105094,5,0.137931,0.837923,0.830412,0.593415,4.130,24.652,48.246,53.928,4,-0.012355,8.00,-0.104701
74,371,1.12766,2.22,1.253378,100,78,1.282051,2.986791,0.896657,1.80951,-22.118182,0.17375,0.041879,68,0.017827,0.018618,8,0.018018,0.821267,0.801133,0.627796,3.775,33.558,79.667,111.442,5,0.099344,8.00,-0.240741
75,315,1.171004,2.107143,1.09375,84,70,1.2,3.526132,0.843866,1.833952,-15.465909,0.263961,0.066423,44,0.028278,0.035718,7,0.011299,0.815709,0.836268,0.625398,3.692,24.442,67.108,98.558,5,0.144988,8.00,-0.166667
76,280,1.129032,2.277778,1.060606,90,105,0.857143,4.047242,0.879032,1.922059,-17.772277,0.276543,0.03121,48,0.027261,0.034246,7,0.029268,0.773899,0.826205,0.592511,3.642,23.842,59.192,83.850,5,0.268768,8.00,-0.196491
77,324,1.090909,1.911504,1.076412,113,89,1.269663,3.867629,0.929293,1.852367,-14.641509,0.309031,0.054766,58,0.036976,0.024312,7,0.037037,0.822880,0.861166,0.636618,3.608,21.708,59.392,92.800,5,0.208950,8.00,-0.106667
78,326,1.09396,1.890511,1.07947,137,131,1.045802,4.377873,0.916107,1.896468,-15.976562,0.206374,0.026042,44,0.021516,-0.005381,8,0.023166,0.738475,0.827593,0.594970,2.933,20.900,60.983,104.967,6,0.221210,8.00,-0.182796
79,293,1.057762,1.629139,1.057762,151,143,1.055944,4.363374,0.949458,2.011179,-13.240175,0.202819,0.024143,22,0.012111,0.002750,7,0.138211,0.685535,0.824503,0.550513,2.492,15.708,42.108,70.133,6,0.279392,8.00,-0.326157
80,251,1.105727,1.733333,1.195238,105,72,1.458333,3.097986,0.903084,1.891168,-22.277778,0.177154,0.075675,40,0.023579,0.024242,6,0.021978,0.809841,0.808329,0.617512,3.458,28.483,67.267,97.475,5,0.005797,8.00,-0.125000
81,287,1.103846,1.964286,1.116732,84,62,1.354839,3.302802,0.911538,1.841689,-10.736196,0.253271,0.045143,44,0.032147,0.048471,6,0.024242,0.792908,0.886276,0.616785,3.550,16.225,46.725,76.092,5,-0.061585,8.00,-0.095402
82,279,1.060837,1.731707,1.102767,123,78,1.576923,3.425986,0.939163,1.875296,-14.541063,0.122457,0.064806,48,0.037228,0.012333,8,0.056338,0.891667,0.878194,0.695407,3.233,19.933,61.375,103.842,5,-0.047047,8.00,-0.182073
83,283,1.096899,1.964602,1.07197,113,111,1.018018,3.983725,0.914729,1.913876,-14.504762,0.231768,0.051621,44,0.018441,0.026028,7,0.108108,0.762390,0.831805,0.585036,3.508,20.292,54.850,75.083,5,0.135990,8.00,nan
84,243,1.130233,1.638462,1.038462,130,110,1.181818,4.141149,0.869767,1.925813,-12.608696,0.20015,0.042758,29,0.014534,0.014200,10,0.056338,0.653385,0.794165,0.523299,2.742,17.708,47.967,74.542,6,0.182233,8.00,nan
85,253,1.104803,2.758065,1.085837,62,75,0.826667,3.516936,0.908297,1.805006,-18.445783,0.290577,0.087702,55,0.028026,0.040172,6,0.058480,0.762205,0.791433,0.575907,3.838,28.094,70.043,90.624,5,-0.014210,8.00,nan
86,218,1.095477,1.645455,1.073892,110,84,1.309524,3.865935,0.924623,1.920112,-9.931429,0.161067,0.038505,25,0.027251,0.001592,8,0.066298,0.666059,0.857006,0.537760,3.192,14.275,41.192,71.625,6,0.170776,8.00,-0.141667
87,275,1.131687,1.798165,1.227679,109,72,1.513889,3.477355,0.893004,1.870189,-12.446809,0.178172,0.057492,47,0.062031,0.026010,6,0.081633,0.627166,0.816797,0.499234,3.400,17.217,46.883,74.608,6,0.088552,8.00,-0.109524
88,209,1.071795,1.631579,1.07732,114,105,1.085714,4.340606,0.953846,1.948156,-4.802395,0.238902,0.021724,19,0.040151,0.009356,12,0.204301,0.530637,0.897894,0.450711,2.842,8.467,19.942,36.667,7,0.076076,8.00,-0.066667
89,219,1.023364,1.495327,1.042857,107,88,1.215909,3.824183,0.976636,2.056512,-6.913043,0.199805,0.010555,8,0.024561,0.000697,10,0.275000,0.577459,0.870505,0.473540,2.883,10.975,25.233,40.500,6,0.067082,8.00,nan
90,197,1.042328,1.192982,1.459259,57,8,7.125,0.457642,0.957672,2.1147,-41.264706,0.079617,0.016679,5,0.001093,0.005637,5,0.000000,0.923405,0.672813,0.630909,3.125,48.656,58.688,63.750,4,-0.663778,8.00,-0.223354
91,137,1.007353,1.533333,1.037879,75,71,1.056338,3.962586,0.992647,2.013683,-2.840909,0.184943,0.022377,5,0.005216,0.028450,10,0.469565,0.374733,0.873549,0.316024,2.660,6.340,12.057,17.792,7,0.194031,8.00,0.000000
92,193,1.115607,1.8375,1.102857,80,78,1.025641,3.970585,0.895954,1.914191,-4.611765,0.271106,0.052792,10,0.020281,-0.001532,9,0.843537,0.504327,0.872396,0.412366,2.932,8.955,19.136,29.341,6,0.169976,8.00,nan
93,220,1.078431,1.870588,1.083744,85,83,1.024096,3.436476,0.931373,1.901226,-11.823899,0.111395,0.041277,23,0.022927,0.015112,9,0.000000,0.512941,0.789415,0.423170,3.208,15.975,40.775,64.208,7,0.133744,8.00,nan
94,208,1.3,3.4,1.045226,30,67,0.447761,3.58718,0.75625,1.964846,-30.686275,0.675281,0.05944,15,0.003553,0.021296,5,0.000000,1.003741,0.772740,0.703508,3.217,38.022,66.761,75.696,4,-0.141703,8.00,0.000000
95,177,1.127389,2.365385,1.066265,52,84,0.619048,3.370041,0.878981,2.007648,-14.666667,0.512847,0.015229,15,0.017355,0.011259,7,0.000000,0.769784,0.824179,0.587306,3.033,18.958,49.700,68.917,5,-0.083409,8.00,nan
96,175,1.09375,3.0,1.11465,34,54,0.62963,3.503991,0.91875,1.755817,-7.089109,0.266655,0.089074,27,0.043464,0.053834,8,0.019608,0.554988,0.853147,0.446717,3.590,13.308,30.462,48.949,6,0.072966,8.00,-0.023810
97,158,1.067568,1.948276,1.039474,58,60,0.966667,3.655545,0.952703,1.874493,-7.061947,0.314921,0.03003,19,0.029599,0.005689,7,0.000000,0.592923,0.861669,0.478387,3.173,12.058,29.923,49.962,6,0.120636,8.00,nan
98,181,1.09697,2.014085,1.083832,71,75,0.946667,3.761786,0.909091,1.879035,-10.571429,0.304556,0.039915,30,0.044582,0.014425,6,0.041958,0.748057,0.861849,0.576197,3.317,16.008,42.500,63.500,5,0.039913,8.00,nan
99,183,1.057803,1.615385,1.070175,78,73,1.068493,3.711674,0.959538,1.986617,-4.095238,0.246734,0.0407,12,0.033479,0.033872,7,0.666667,0.440597,0.851856,0.357770,2.787,7.638,15.702,21.957,6,0.350427,8.00,nan
100,147,1.097015,2.741935,1.020833,31,49,0.632653,3.389672,0.91791,1.890331,-7.882353,0.284517,0.0,12,0.044622,-0.012549,7,0.000000,0.558499,0.846034,0.450357,3.152,12.772,27.835,45.253,6,0.048618,8.00,nan
101,156,1.130435,2.076923,1.106383,39,38,1.026316,2.568577,0.876812,1.85551,-13.038961,0.321492,0.068676,17,0.020108,0.017749,6,0.098765,0.880973,0.865624,0.641526,3.406,19.594,40.656,50.344,4,-0.118436,8.00,-0.269640
102,181,1.124224,2.0,1.110429,50,51,0.980392,2.717273,0.881988,1.944168,-9.353535,0.153803,0.03352,16,0.009776,0.021781,5,0.020000,0.686319,0.846170,0.522823,3.084,13.568,34.263,48.053,5,0.082425,8.00,nan
103,153,1.108696,1.816327,1.077465,49,31,1.580645,3.015382,0.898551,1.76782,-6.089888,0.238841,0.093087,20,0.019656,0.045491,9,0.000000,0.440880,0.826191,0.367868,3.472,11.833,25.611,40.222,7,0.002819,8.00,nan
104,139,1.014599,1.671642,1.077519,67,60,1.116667,3.193942,0.985401,1.973179,-15.433962,0.214489,0.050593,12,0.007225,0.024042,8,0.107143,0.697114,0.801570,0.538426,2.981,19.579,39.318,52.103,5,0.103926,8.00,-0.149123
105,151,1.078571,1.344444,1.078571,90,76,1.184211,3.862816,0.921429,2.061796,-3.652893,0.070421,0.009368,5,0.008092,-0.019008,12,0.000000,0.345676,0.857341,0.296772,2.658,7.525,12.608,19.783,8,0.251708,8.00,nan
106,133,1.176991,3.428571,1.127119,21,37,0.567568,3.250214,0.840708,1.767675,-9.777778,0.363967,0.020927,18,0.048945,0.007639,8,0.000000,0.487454,0.809126,0.392129,3.571,15.286,27.714,40.000,6,-0.041200,8.00,nan
107,157,1.075342,1.823529,1.090278,68,50,1.36,3.257971,0.938356,1.858599,-10.033333,0.216351,0.030588,25,0.054116,0.008194,8,0.064516,0.763286,0.881604,0.597921,3.353,16.059,41.196,63.980,5,-0.088196,8.00,nan
108,119,1.017094,1.36,1.025862,75,56,1.339286,3.415745,0.982906,1.97693,-5.666667,0.069675,0.01915,8,0.007479,0.013562,8,0.000000,0.549321,0.873132,0.447511,2.805,9.336,21.496,34.345,6,0.220582,8.00,nan
109,146,1.028169,2.311111,1.089552,45,58,0.775862,3.701909,0.971831,1.843939,-9.134615,0.355637,0.027973,21,0.038635,0.002654,8,0.000000,0.728679,0.875058,0.568279,3.311,15.044,37.356,56.489,5,0.052292,8.00,nan
110,114,1.036364,1.455882,1.096154,68,54,1.259259,3.578761,0.963636,2.000633,-5.454545,0.210413,0.018266,8,0.015179,0.007071,7,0.000000,0.539542,0.859107,0.434412,2.784,9.216,21.685,34.459,6,0.230755,8.00,nan
111,130,1.07438,1.819672,1.07438,61,61,1.0,3.691868,0.92562,1.955038,-7.854545,0.209343,0.005139,12,0.020715,-0.002828,8,0.018018,0.574029,0.845517,0.463365,2.947,12.115,28.239,45.177,6,0.111466,8.00,nan
112,126,1.05,1.344828,1.008,87,72,1.208333,3.913062,0.95,2.067171,-6.517241,0.156669,0.039936,7,0.003112,0.008764,8,0.017094,0.363938,0.826449,0.306252,2.625,9.125,14.792,18.592,7,0.079254,8.00,-0.009584
113,105,1.22093,1.5625,1.129032,48,48,1.0,3.534002,0.790698,1.969832,-1.786667,0.208549,0.046763,6,0.008773,0.009587,8,0.000000,0.394002,0.916177,0.327403,2.685,5.562,9.742,14.348,6,0.205572,8.00,-0.156608
114,128,1.04065,1.425,1.454545,40,21,1.904762,1.747089,0.95935,1.950896,-9.642857,0.143467,0.099166,10,0.018331,0.070196,6,0.035088,0.525798,0.774407,0.398071,3.074,13.741,23.222,27.852,5,0.022246,8.00,nan
115,107,1.04902,1.344262,1.103093,61,37,1.648649,3.129055,0.95098,2.002898,-6.962963,0.18404,0.024348,6,0.005839,0.009590,7,0.024390,0.495123,0.810699,0.395631,2.841,10.727,23.636,32.545,6,-0.012199,8.00,nan
116,66,1.015385,1.486486,1.0,37,34,1.088235,3.283515,0.984615,1.990687,-3.037037,0.300278,0.0,3,0.041937,0.000000,6,0.036364,0.552169,0.919501,0.438204,2.770,7.164,14.574,21.885,5,-0.095969,8.00,nan
117,105,1.082474,1.54717,1.09375,53,39,1.358974,2.988904,0.927835,1.945437,-7.04878,0.127976,0.053186,9,0.010288,0.031944,7,0.000000,0.459215,0.825475,0.374872,2.929,10.906,19.494,26.929,6,0.113180,8.00,nan
118,107,1.028846,1.343284,1.091837,67,51,1.313725,3.446979,0.971154,2.062002,-8.409091,0.155603,0.026425,3,0.000000,0.007576,8,0.044444,0.459160,0.768102,0.365037,2.676,11.210,22.314,28.619,6,0.170738,8.00,nan
119,100,1.234568,3.714286,1.0,14,42,0.333333,3.334828,0.802469,2.1209,-23.0,0.649256,0.0,2,0.000000,0.000000,5,0.000000,0.808001,0.717301,0.556245,2.857,25.929,35.893,37.893,4,-0.249500,8.00,nan
120,90,1.0,1.333333,1.058824,51,35,1.457143,3.093953,1.0,2.040747,-3.641791,0.159386,0.001272,5,0.046943,-0.005804,6,0.029412,0.582274,0.922899,0.464954,2.718,7.385,15.538,23.641,5,0.061652,8.00,nan
121,95,1.055556,1.409091,1.1875,44,35,1.257143,2.712309,0.944444,1.994304,-2.903226,0.079944,0.056902,5,0.003459,0.034140,9,0.000000,0.299808,0.823392,0.252405,2.722,6.528,11.111,14.333,7,0.102906,8.00,nan
122,43,1.075,1.5,1.075,22,17,1.294118,2.532253,0.925,1.964919,-1.428571,0.183594,0.0,2,,,,,,,,,,,,,,,nan
123,51,1.0625,1.222222,1.133333,36,25,1.44,2.828023,0.9375,2.024256,-1.318182,0.09225,0.0,0,0.000000,0.000000,6,0.000000,0.364119,0.873145,0.269267,2.600,5.255,7.218,7.873,4,-0.156732,8.00,nan
124,72,1.125,1.592593,1.090909,27,23,1.173913,2.554293,0.921875,1.955035,-2.651163,0.195111,0.0,2,0.034382,-0.019380,9,0.000000,0.388177,0.863739,0.319181,2.792,6.875,12.375,16.708,6,-0.142937,8.00,-0.292125
125,95,1.091954,1.557692,1.032609,52,54,0.962963,3.72558,0.908046,2.002789,-7.259259,0.249173,0.011505,2,0.000000,0.003292,9,0.000000,0.387116,0.778952,0.319674,2.742,10.699,19.065,27.452,7,0.061578,8.00,nan
126,76,1.206349,1.705882,1.070423,34,35,0.971429,3.130521,0.84127,1.984438,-2.444444,0.26336,0.041255,4,0.016912,0.047831,6,0.448276,0.453575,0.911741,0.359002,2.731,6.038,11.000,15.077,5,0.161598,8.00,nan
127,80,1.111111,1.534884,1.066667,43,37,1.162162,3.311116,0.916667,2.025092,-6.878788,0.209956,0.018254,3,0.000000,0.006061,9,0.000000,0.413407,0.756163,0.332514,2.737,10.211,19.500,23.579,6,0.002126,8.00,nan
128,57,1.036364,1.170732,1.055556,41,29,1.413793,3.114227,0.963636,2.075107,-0.583333,0.048096,0.03663,3,0.021378,0.033730,4,0.000000,0.244428,0.859690,0.177311,2.477,4.138,4.846,5.308,4,0.052102,8.00,nan
129,78,1.04,1.685714,1.054054,35,39,0.897436,3.300106,0.96,1.982335,-2.881356,0.311065,0.018408,1,0.000000,0.019774,11,0.000000,0.408766,0.888606,0.348181,2.761,6.970,13.507,20.672,7,-0.074946,8.00,nan
130,65,1.048387,1.463415,1.015625,41,43,0.953488,3.468029,0.967742,2.059347,-3.898305,0.224923,0.012057,2,0.000000,0.012053,6,0.033333,0.503753,0.877670,0.393493,2.616,7.219,13.932,18.452,5,0.176865,8.00,nan
131,77,1.054795,1.302326,1.115942,43,29,1.482759,2.901388,0.945205,1.958179,-2.45283,0.126975,0.03828,3,0.022443,0.022275,8,0.107143,0.319057,0.831085,0.262604,2.767,6.433,10.533,12.600,6,-0.107859,8.00,nan
132,72,1.074627,3.75,1.014085,12,30,0.4,2.970626,0.925373,1.870896,-7.466667,0.424375,0.035318,8,0.047354,0.005969,6,0.000000,0.639061,0.862610,0.470271,3.195,12.268,18.073,23.634,4,-0.320931,8.00,nan
133,65,1.015625,1.340909,1.065574,44,28,1.571429,2.88788,0.984375,1.97144,-7.423729,0.147003,0.110215,7,0.005085,0.009181,6,0.000000,0.547606,0.809058,0.415978,2.903,11.161,22.581,26.903,5,0.059573,8.00,nan
134,63,1.032787,1.4375,1.125,32,21,1.52381,2.649773,0.967213,1.994905,-5.644444,0.177083,0.0138,4,0.009552,0.010370,8,0.043478,0.515136,0.830389,0.398360,2.837,9.490,18.224,22.469,5,-0.031325,8.00,nan
135,83,1.024691,1.555556,1.077922,36,26,1.384615,2.569295,0.975309,1.957554,-6.821429,0.086469,0.033421,4,0.005841,0.010714,8,0.000000,0.441562,0.790726,0.353190,2.867,10.867,20.200,26.367,6,0.011712,8.00,-0.309273
136,46,1.022222,1.366667,1.0,30,29,1.034483,3.146628,0.977778,2.097049,-1.02439,0.131901,0.020281,1,,,,,,,,,,,,,,,nan
137,59,1.053571,1.826087,1.113208,23,24,0.958333,2.912598,0.946429,1.860495,-2.714286,0.183224,0.012566,4,0.048108,0.011243,9,0.000000,0.432851,0.904697,0.360510,3.000,7.571,13.238,19.667,6,-0.178870,8.00,nan
138,40,1.0,2.285714,1.0,14,23,0.608696,2.893938,1.0,1.931524,-1.8125,0.208163,0.0,0,,,,,,,,,,,,,,,nan
139,44,1.157895,1.541667,1.023256,24,23,1.043478,2.794424,0.894737,2.039478,-1.837838,0.138765,0.0,1,,,,,,,,,,,,,,,nan
140,46,1.0,1.392857,1.022222,28,30,0.933333,3.261924,1.0,2.111716,-1.179487,0.175151,0.0,0,,,,,,,,,,,,,,,nan
141,62,1.087719,1.368421,1.107143,38,30,1.266667,3.005416,0.912281,2.044052,-2.27451,0.118418,0.018973,3,0.002470,-0.009104,8,0.038462,0.357705,0.870703,0.292413,2.594,5.750,10.031,13.156,6,0.297485,8.00,nan
142,41,1.025,1.304348,1.205882,23,10,2.3,1.144505,0.975,2.004234,-12.068966,0.126276,0.02317,1,,,,,,,,,,,,,,,nan
143,53,1.0,1.310345,1.081633,29,14,2.071429,1.61144,1.0,2.046288,-9.578947,0.168968,0.012911,2,0.001887,0.012119,5,0.000000,0.755561,0.846729,0.537983,2.900,13.550,25.900,29.000,4,-0.118598,8.00,nan
144,57,1.325581,1.459459,1.163265,37,26,1.423077,2.89212,0.674419,1.907092,-2.703704,0.0988,0.0,3,0.000000,0.000000,10,0.000000,0.296492,0.826310,0.255369,2.862,7.000,13.000,18.069,8,-0.091819,8.00,-0.332440
145,49,1.020833,1.176471,1.065217,34,26,1.307692,2.927936,0.979167,2.14858,-1.75,0.141157,0.018991,1,,,,,,,,,,,,,,,nan
146,45,1.046512,1.212121,1.097561,33,18,1.833333,2.487166,0.953488,2.023217,-3.179487,0.161481,0.0,1,,,,,,,,,,,,,,,nan
147,50,1.111111,1.393939,1.041667,33,36,0.916667,3.475205,0.888889,2.073281,-0.913043,0.141897,0.0,1,0.000000,0.000000,9,0.000000,0.180027,0.866376,0.159306,2.484,4.581,6.000,7.000,8,0.080491,8.00,nan
148,61,1.089286,1.538462,1.22,26,19,1.368421,2.509672,0.928571,1.945113,-2.0,0.142045,0.0,3,0.040184,-0.048214,7,0.000000,0.475174,0.932656,0.383010,2.778,6.111,11.089,15.933,5,0.133733,8.00,nan
149,64,1.015873,1.481481,1.422222,27,16,1.6875,1.910982,0.984127,1.911704,-6.512821,0.144044,0.027076,5,0.015284,0.008929,7,0.050000,0.492577,0.797101,0.376052,3.000,11.000,19.154,22.846,5,0.032621,8.00,nan
150,41,1.0,1.625,1.025,24,25,0.96,2.889757,1.0,2.032008,-7.384615,0.309897,0.060903,2,,,,,,,,,,,,,,,nan
151,35,1.029412,1.1,1.0,30,21,1.428571,2.820228,0.970588,2.167348,-0.909091,0.083296,0.0,0,,,,,,,,,,,,,,,nan
152,35,1.029412,1.269231,1.029412,26,22,1.181818,2.842908,0.970588,2.126591,-1.090909,0.112099,0.010197,1,,,,,,,,,,,,,,,nan
153,42,1.02439,1.346154,1.0,26,26,1.0,3.044949,0.97561,2.011709,-0.4,0.134814,0.033333,2,,,,,,,,,,,,,,,nan
154,36,1.058824,1.230769,1.058824,26,26,1.0,3.114402,0.941176,2.151243,-0.066667,0.137913,0.0,0,,,,,,,,,,,,,,,-0.369937
155,36,1.058824,1.307692,1.058824,26,26,1.0,3.077817,0.941176,2.133979,0.181818,0.105035,0.0,0,,,,,,,,,,,,,,,nan
156,49,1.042553,1.615385,1.088889,26,25,1.04,2.94788,0.957447,1.96555,-2.52381,0.253038,0.0,2,,,,,,,,,,,,,,,nan
157,32,1.032258,1.2,1.0,25,18,1.388889,2.513218,0.967742,2.086119,-2.551724,0.138117,0.029065,1,,,,,,,,,,,,,,,nan
158,28,1.037037,1.470588,1.0,17,17,1.0,2.502661,0.962963,2.128569,-2.666667,0.224766,0.0,0,,,,,,,,,,,,,,,nan
159,39,1.026316,1.363636,1.3,11,7,1.571429,1.23676,0.973684,1.929279,-1.866667,0.136719,0.137255,2,,,,,,,,,,,,,,,nan
160,40,1.0,1.090909,1.081081,22,12,1.833333,1.861301,1.0,2.040632,-1.083333,0.037778,0.0,0,,,,,,,,,,,,,,,-0.317489
161,41,1.0,1.346154,1.108108,26,21,1.238095,2.872084,1.0,1.98155,-0.882353,0.096966,0.0,0,,,,,,,,,,,,,,,nan
162,32,1.032258,2.0,1.066667,11,13,0.846154,1.906155,0.967742,1.911785,-3.272727,0.285124,0.0,1,,,,,,,,,,,,,,,nan
163,37,1.057143,1.307692,1.027778,26,24,1.083333,2.824586,0.971429,2.133751,-1.529412,0.172495,0.0,0,,,,,,,,,,,,,,,nan
164,29,1.115385,1.444444,1.0,18,18,1.0,2.541989,0.884615,2.103583,-1.769231,0.147059,0.0,0,,,,,,,,,,,,,,,nan
165,43,1.0,1.421053,1.02381,19,10,1.9,1.682276,1.0,1.851336,-2.666667,0.106509,0.0,3,,,,,,,,,,,,,,,nan
166,35,1.0,1.538462,1.060606,13,15,0.866667,2.157506,1.0,2.047965,-0.1,0.127219,0.0,0,,,,,,,,,,,,,,,nan
167,26,1.083333,2.375,1.04,8,12,0.666667,2.065642,0.916667,1.87233,-1.473684,0.168975,0.0,2,,,,,,,,,,,,,,,-0.189993
168,26,1.0,1.25,1.0,20,17,1.176471,2.554116,1.0,2.106265,-1.04,0.157025,0.0,0,,,,,,,,,,,,,,,-0.340635
169,38,1.225806,1.47619,1.085714,21,18,1.166667,2.552556,0.806452,1.99065,-1.354839,0.059898,0.0,0,,,,,,,,,,,,,,,-0.314664
170,34,1.0,1.28,1.030303,25,19,1.315789,2.674718,1.0,2.050089,-0.4375,0.054422,0.0,1,,,,,,,,,,,,,,,-0.322996
171,32,1.0,1.705882,1.142857,17,19,0.894737,2.826529,1.0,1.979528,-2.275862,0.206612,0.0,4,,,,,,,,,,,,,,,-0.060470
172,21,1.05,1.307692,1.105263,13,10,1.3,2.086674,0.95,1.976039,-1.764706,0.351801,0.0,0,,,,,,,,,,,,,,,-0.214594
173,19,1.117647,1.363636,1.055556,11,11,1.0,2.187271,0.882353,2.146364,-0.714286,0.238227,0.0,0,,,,,,,,,,,,,,,-0.349002
174,19,1.0,1.133333,1.055556,15,11,1.363636,2.287773,1.0,2.116871,0.941176,0.056,0.0,0,,,,,,,,,,,,,,,-0.331367
175,11,1.1,1.8,1.0,5,7,0.714286,1.84622,0.9,1.95687,-0.444444,0.33,0.0,0,,,,,,,,,,,,,,,-0.283512
176,21,1.0,1.230769,1.105263,13,9,1.444444,1.772785,1.0,1.998167,-0.75,0.166205,0.0,0,,,,,,,,,,,,,,,-0.275733
177,23,1.0,1.3125,1.0,16,15,1.066667,2.570281,1.0,2.027301,-0.190476,0.194787,0.0,0,,,,,,,,,,,,,,,-0.379999
178,21,1.235294,1.333333,1.166667,15,11,1.363636,2.136507,0.764706,1.985852,-0.8,0.090278,0.0,2,,,,,,,,,,,,,,,-0.167412
179,19,1.117647,1.636364,1.0,11,13,0.846154,2.433699,0.882353,2.001148,0.222222,0.147448,0.0,0,,,,,,,,,,,,,,,-0.172223
180,37,1.541667,1.666667,1.48,6,5,1.2,1.039563,0.5,1.782219,-0.75,0.367347,0.0,2,,,,,,,,,,,,,,,-0.372954
181,9,1.0,1.0,1.0,8,7,1.142857,1.889159,1.0,2.262358,1.5,0.112426,0.0,0,,,,,,,,,,,,,,,-0.357186
182,16,1.066667,1.230769,1.0,13,11,1.181818,2.273966,0.933333,2.099837,0.25,0.14876,0.0,0,,,,,,,,,,,,,,,-0.053805
183,27,1.0,1.083333,1.0,12,10,1.2,1.670716,1.0,2.220742,1.384615,0.070295,0.0,0,,,,,,,,,,,,,,,-0.255493
184,17,1.133333,1.272727,1.0,11,10,1.1,2.15006,0.866667,2.00888,0.428571,0.123457,0.0,0,,,,,,,,,,,,,,,-0.342621
185,20,1.0,1.166667,1.0,12,10,1.2,1.929849,1.0,2.150601,1.0,0.068027,0.0,0,,,,,,,,,,,,,,,-0.421120
186,14,1.0,1.0,1.0,12,12,1.0,2.441015,1.0,2.442695,2.0,0.0,0.0,0,,,,,,,,,,,,,,,-0.186096
187,13,1.444444,1.666667,1.0,6,7,0.857143,1.844621,0.555556,1.931524,-0.4,0.380165,0.0,1,,,,,,,,,,,,,,,-0.349899
188,11,1.0,1.375,1.0,8,10,0.8,2.271869,1.0,2.167896,0.545455,0.277344,0.0,0,,,,,,,,,,,,,,,-0.278202
189,15,1.0,1.0,1.0,13,9,1.444444,2.02623,1.0,2.184156,1.076923,0.07,0.0,0,,,,,,,,,,,,,,,-0.384515
190,12,1.090909,1.090909,1.0,11,9,1.222222,2.094729,0.909091,2.223402,1.166667,0.077562,0.0,0,,,,,,,,,,,,,,,-0.273029
191,17,1.0,1.142857,1.0625,14,9,1.555556,1.868863,1.0,2.137328,-1.25,0.14966,0.0,0,,,,,,,,,,,,,,,-0.088909
192,20,1.0,1.266667,1.0,15,12,1.25,2.345737,1.0,2.013557,-0.105263,0.21875,0.0,0,,,,,,,,,,,,,,,-0.293482
193,18,1.0,1.133333,1.0,15,7,2.142857,1.618849,1.0,2.003443,-2.117647,0.182825,0.0,0,,,,,,,,,,,,,,,-0.118948
194,13,1.0,1.2,1.0,10,11,0.909091,2.351673,1.0,2.254517,0.833333,0.180055,0.0,0,,,,,,,,,,,,,,,-0.324787
195,6,1.0,1.2,1.0,5,4,1.25,1.242453,1.0,2.049233,-0.333333,0.306122,0.0,0,,,,,,,,,,,,,,,-0.297633
196,14,1.076923,1.428571,1.0,7,8,0.875,1.970181,0.923077,2.13897,0.4,0.255102,0.0,0,,,,,,,,,,,,,,,-0.327420
197,11,1.0,1.6,1.0,5,7,0.714286,1.666333,1.0,2.110836,0.75,0.231405,0.0,0,,,,,,,,,,,,,,,-0.300254
198,6,1.0,1.666667,1.0,3,4,0.75,1.242453,1.0,2.053616,0.4,0.444444,0.0,0,,,,,,,,,,,,,,,-0.389360
199,14,1.076923,1.1,1.0,10,8,1.25,1.866216,0.923077,2.203083,1.090909,0.086505,0.0,0,,,,,,,,,,,,,,,-0.337733
200,8,1.0,1.142857,1.0,7,5,1.4,1.559581,1.0,2.082021,1.0,0.132231,0.0,0,,,,,,,,,,,,,,,-0.306375
201,10,1.111111,1.142857,1.0,7,6,1.166667,1.695743,0.888889,2.082021,1.0,0.22314,0.0,0,,,,,,,,,,,,,,,-0.339391
202,9,1.125,1.125,1.125,8,8,1.0,2.043192,0.875,2.282396,1.555556,0.102222,0.0,0,,,,,,,,,,,,,,,-0.239660
203,6,1.0,1.0,1.0,6,5,1.2,1.56071,1.0,2.32247,1.666667,0.05,0.0,0,,,,,,,,,,,,,,,-0.300684
204,8,1.333333,1.2,1.0,5,4,1.25,1.386294,0.666667,1.996254,0.333333,0.163265,0.0,0,,,,,,,,,,,,,,,-0.118607
205,7,1.0,1.166667,1.0,6,7,0.857143,1.94591,1.0,2.339645,1.714286,0.131944,0.0,0,,,,,,,,,,,,,,,-0.268206
206,8,1.0,1.166667,1.0,6,7,0.857143,1.906155,1.0,2.274375,1.142857,0.22314,0.0,0,,,,,,,,,,,,,,,-0.120183
207,6,1.2,1.666667,1.0,3,5,0.6,1.56071,0.8,2.204132,0.8,0.387755,0.0,0,,,,,,,,,,,,,,,-0.228252
208,7,1.0,1.0,1.0,7,6,1.166667,1.747868,1.0,2.339645,1.714286,0.041667,0.0,0,,,,,,,,,,,,,,,-0.319071
209,7,1.0,1.0,1.0,7,5,1.4,1.549826,1.0,2.236596,1.428571,0.041322,0.0,0,,,,,,,,,,,,,,,-0.277969
210,12,1.090909,1.5,1.333333,4,3,1.333333,0.721464,0.909091,1.786925,-1.0,0.24,0.361111,1,,,,,,,,,,,,,,,-0.366746
211,4,1.333333,1.333333,1.0,3,4,0.75,1.386294,0.666667,2.082021,1.0,0.52,0.0,0,,,,,,,,,,,,,,,-0.356695
212,7,1.0,1.0,1.0,7,7,1.0,1.94591,1.0,2.339645,1.714286,0.125,0.0,0,,,,,,,,,,,,,,,-0.344046
213,11,1.1,3.5,1.0,2,6,0.333333,1.420572,0.9,1.936668,-1.428571,0.673469,0.0,0,,,,,,,,,,,,,,,-0.214405
214,7,1.0,1.0,1.0,7,6,1.166667,1.747868,1.0,2.339645,1.714286,0.041667,0.0,0,,,,,,,,,,,,,,,-0.173957
215,3,1.0,1.0,1.0,2,2,1.0,0.636514,1.0,nan,2.0,0.222222,0.0,0,,,,,,,,,,,,,,,-0.078240
216,8,1.0,1.166667,1.0,6,6,1.0,1.667462,1.0,2.236596,1.428571,0.140496,0.0,0,,,,,,,,,,,,,,,-0.381983
217,8,1.0,1.0,1.0,8,5,1.6,1.559581,1.0,2.046126,0.25,0.1,0.0,0,,,,,,,,,,,,,,,-0.265852
218,8,1.0,1.166667,1.0,6,6,1.0,1.732868,1.0,2.236596,1.428571,0.140496,0.0,0,,,,,,,,,,,,,,,-0.309920
219,8,1.0,1.0,1.142857,8,7,1.142857,1.906155,1.0,2.295976,1.25,0.106509,0.0,0,,,,,,,,,,,,,,,-0.157006
220,7,1.166667,1.666667,1.0,3,4,0.75,1.351784,0.833333,2.009887,0.8,0.25,0.0,0,,,,,,,,,,,,,,,-0.326511
221,2,1.0,1.0,1.0,2,2,1.0,0.693147,1.0,nan,2.0,0.222222,0.0,0,,,,,,,,,,,,,,,-0.308027
222,1,1.0,1.0,1.0,1,1,1.0,-0.0,1.0,nan,2.0,nan,0.0,0,,,,,,,,,,,,,,,-0.269324
223,2,1.0,1.0,1.0,2,2,1.0,0.693147,1.0,nan,2.0,0.222222,0.0,0,,,,,,,,,,,,,,,-0.325723
224,3,1.0,1.0,1.0,2,2,1.0,0.636514,1.0,nan,2.0,0.222222,0.0,0,,,,,,,,,,,,,,,-0.338440
225,6,1.0,1.0,1.5,2,1,2.0,-0.0,1.0,nan,1.0,0.25,0.0,0,,,,,,,,,,,,,,,-0.259423
227,1,1.0,1.0,1.0,1,1,1.0,-0.0,1.0,nan,2.0,nan,0.0,0,,,,,,,,,,,,,,,-0.257791
228,4,1.0,1.0,1.0,4,4,1.0,1.386294,1.0,2.442695,2.0,0.081633,0.0,0,,,,,,,,,,,,,,,-0.289491
230,1,1.0,1.0,1.0,1,1,1.0,-0.0,1.0,nan,2.0,nan,0.0,0,,,,,,,,,,,,,,,-0.256426
231,2,2.0,2.0,1.0,1,2,0.5,0.693147,0.0,nan,1.0,1.0,0.0,0,,,,,,,,,,,,,,,-0.278898
232,2,2.0,2.0,1.0,1,2,0.5,0.693147,0.0,nan,1.0,1.0,0.0,0,,,,,,,,,,,,,,,-0.264107
233,1,1.0,1.0,1.0,1,1,1.0,-0.0,1.0,nan,2.0,nan,0.0,0,,,,,,,,,,,,,,,-0.313782
234,2,1.0,1.0,1.0,2,2,1.0,0.693147,1.0,nan,2.0,0.222222,0.0,0,,,,,,,,,,,,,,,-0.280296
235,2,1.0,1.0,1.0,2,2,1.0,0.693147,1.0,nan,2.0,0.222222,0.0,0,,,,,,,,,,,,,,,-0.263136
236,3,1.0,1.0,1.0,2,2,1.0,0.636514,1.0,nan,2.0,0.222222,0.0,0,,,,,,,,,,,,,,,-0.214194
237,2,1.0,1.0,1.0,2,1,2.0,-0.0,1.0,nan,1.0,0.25,0.0,0,,,,,,,,,,,,,,,-0.109920
238,3,1.0,1.5,1.5,2,2,1.0,0.636514,1.0,nan,0.666667,0.555556,0.0,0,,,,,,,,,,,,,,,-0.109532
240,3,1.0,2.0,1.0,1,2,0.5,0.636514,1.0,nan,1.0,1.0,0.0,0,,,,,,,,,,,,,,,-0.250891
241,2,1.0,1.0,1.0,2,1,2.0,-0.0,1.0,nan,1.0,0.25,0.0,0,,,,,,,,,,,,,,,-0.289444
246,2,1.0,1.0,1.0,2,2,1.0,0.693147,1.0,nan,2.0,0.222222,0.0,0,,,,,,,,,,,,,,,-0.299659
248,2,1.0,1.0,1.0,2,2,1.0,0.693147,1.0,nan,2.0,0.222222,0.0,0,,,,,,,,,,,,,,,nan
249,1,1.0,1.0,1.0,1,1,1.0,-0.0,1.0,nan,2.0,nan,0.0,0,,,,,,,,,,,,,,,nan
251,1,1.0,1.0,1.0,1,1,1.0,-0.0,1.0,nan,2.0,nan,0.0,0,,,,,,,,,,,,,,,nan
253,1,1.0,1.0,1.0,1,1,1.0,-0.0,1.0,nan,2.0,nan,0.0,0,,,,,,,,,,,,,,,nan
254,1,1.0,1.0,1.0,1,1,1.0,-0.0,1.0,nan,2.0,nan,0.0,0,,,,,,,,,,,,,,,nan
256,1,1.0,1.0,1.0,1,1,1.0,-0.0,1.0,nan,2.0,nan,0.0,0,,,,,,,,,,,,,,,nan
257,1,1.0,1.0,1.0,1,1,1.0,-0.0,1.0,nan,2.0,nan,0.0,0,,,,,,,,,,,,,,,nan
258,1,1.0,1.0,1.0,1,1,1.0,-0.0,1.0,nan,2.0,nan,0.0,0,,,,,,,,,,,,,,,nan
